id,title,childIds,scope,0,authorId,ownerIds,customStatusId,createdDate,endDate,completedDate,startDate
IEAEINT7I7777777,Root,"['IEAEINT7I42D7BDX', 'IEAEINT7I4YNBRM2', 'IEAEINT7I4YNBRE2', 'IEAEINT7I4YYUBCA', 'IEAEINT7I4UAB54L', 'IEAEINT7I42FS4IS', 'IEAEINT7I42FS4CS', 'IEAEINT7I42D7A3N', 'IEAEINT7I4UAB46T', 'IEAEINT7I4YNBRID', 'IEAEINT7I42D7CRL', 'IEAEINT7I42D7A5L', 'IEAEINT7I4TMKX4Q', 'IEAEINT7I4XYLLAQ', 'IEAEINT7I4UHWBTN', 'IEAEINT7I4XYKXW4', 'IEAEINT7I4VCS3XQ', 'IEAEINT7I42D7BTC', 'IEAEINT7I42HTLBH', 'IEAEINT7I42D7BC6', 'IEAEINT7I42FS4F2', 'IEAEINT7I42D7AY4', 'IEAEINT7I42FS355', 'IEAEINT7I42D7A4X', 'IEAEINT7I4TXQZCR', 'IEAEINT7I4XYK4PM', 'IEAEINT7I4TMC3ZL', 'IEAEINT7I4TXQ2WT', 'IEAEINT7I5BJHW5Y', 'IEAEINT7I4XYLTZI', 'IEAEINT7I4YFEO37', 'IEAEINT7I4XYLDFV', 'IEAEINT7I42FS37K', 'IEAEINT7I4YNBQ3F', 'IEAEINT7I5AGTOW4', 'IEAEINT7I4ZZD47J', 'IEAEINT7I42FS4JB', 'IEAEINT7I4XYLRJY', 'IEAEINT7I4YNBRHN', 'IEAEINT7I4UEAG57', 'IEAEINT7I4XYLQN2']",WsRoot,,,,,,,,
IEAEINT7I7777776,Recycle Bin,"['IEAEINT7I4U5Z324', 'IEAEINT7I4YQGJMB', 'IEAEINT7I4VT6WZ4', 'IEAEINT7I42VT522', 'IEAEINT7I5CFJNWR', 'IEAEINT7I4ZDISJT', 'IEAEINT7I4VDABRY', 'IEAEINT7I4YB7XEX', 'IEAEINT7I4YQGJ4I', 'IEAEINT7I4YQGKMM', 'IEAEINT7I5CMLTSU', 'IEAEINT7I44ML52U', 'IEAEINT7I43NJDGG', 'IEAEINT7I4YYOWAU', 'IEAEINT7I4XZI7AH', 'IEAEINT7I4YEJUSX', 'IEAEINT7I4YQGEIQ', 'IEAEINT7I4UQOHYS', 'IEAEINT7I43ETIW4', 'IEAEINT7I4VQ7QEZ', 'IEAEINT7I4YCDR5X', 'IEAEINT7I5CMTGS6', 'IEAEINT7I43ETIO6', 'IEAEINT7I4W35OVH', 'IEAEINT7I4UO2Z3X', 'IEAEINT7I5CKDTF5', 'IEAEINT7I4VT6XJC', 'IEAEINT7I43NJJKK', 'IEAEINT7I44M5ZTP', 'IEAEINT7I462D7UH', 'IEAEINT7I4UEAHTH', 'IEAEINT7I472VYAA', 'IEAEINT7I4TXQ2WV', 'IEAEINT7I4VT67YQ', 'IEAEINT7I4YSU3QZ', 'IEAEINT7I4ZAGCFV', 'IEAEINT7I43FBZTH', 'IEAEINT7I4YQHNZ3', 'IEAEINT7I4ZSYUEU', 'IEAEINT7I43ETI3R', 'IEAEINT7I5C3QJIB', 'IEAEINT7I42QIKFZ', 'IEAEINT7I5AGTOGU', 'IEAEINT7I4UEAHP7', 'IEAEINT7I4YUXWUL', 'IEAEINT7I4VT6M76', 'IEAEINT7I4U5Z345', 'IEAEINT7I4VYGHWH', 'IEAEINT7I4TYHMCF', 'IEAEINT7I4UEAHMH', 'IEAEINT7I4UOEEFF', 'IEAEINT7I4UOEFFP', 'IEAEINT7I5BQ7BW4', 'IEAEINT7I4UEA7IT', 'IEAEINT7I4YPTGFK', 'IEAEINT7I4VT6XDH', 'IEAEINT7I5CMTGEQ', 'IEAEINT7I4U5Z34F', 'IEAEINT7I4YQGGO2', 'IEAEINT7I5CMU2YU', 'IEAEINT7I4VDABTO', 'IEAEINT7I4X5A5FV', 'IEAEINT7I4UKG6GG', 'IEAEINT7I472VV2P', 'IEAEINT7I472VXCM', 'IEAEINT7I4UOEGIF', 'IEAEINT7I4VT6QKX', 'IEAEINT7I472VV6C', 'IEAEINT7I4X6RKMD', 'IEAEINT7I4ZDIM2Y', 'IEAEINT7I5C3QI2V', 'IEAEINT7I45DWB2W', 'IEAEINT7I46GUSU3', 'IEAEINT7I44CXXOZ', 'IEAEINT7I5C3QI6L', 'IEAEINT7I4UOEEYU', 'IEAEINT7I4ZDISOC', 'IEAEINT7I5CMTLRR', 'IEAEINT7I4UOEF42', 'IEAEINT7I4VQ7PTV', 'IEAEINT7I43DYTGG', 'IEAEINT7I4YGE2M7']",RbRoot,,,,,,,,
IEAEINT7I5D4YBSM,Q413 - Solar Panel Deframer,[],WsFolder,,KUAJV4AW,[],IEAEINT7JMCLXA5I,2023-09-18T19:30:49Z,,,
IEAEINT7I5DOI7A7,J408 - Stage Platform Transmission Certification,[],WsFolder,,KUAJVUPW,"['KUAJV4AW', 'KUAJVUPW']",IEAEINT7JMCLXBAM,2023-08-25T00:01:41Z,,,
IEAEINT7I5DDV73C,Q406 - Dome Structural Certification,[],WsFolder,,KUAJV4AW,['KUAJV4AW'],IEAEINT7JMCLXA7O,2023-08-12T02:22:55Z,,,
IEAEINT7I5D2DTZ2,Q412 - Chain Tester Certification,[],WsFolder,,KUAJVUPW,"['KUAJV4AW', 'KUAJVUPW']",IEAEINT7JMCLXA7O,2023-09-13T15:32:09Z,,,
IEAEINT7I5D2DGRX,Q411 - Crane Handle Certification,[],WsFolder,,KUAJVUPW,['KUAJVUPW'],IEAEINT7JMCLXA7O,2023-09-13T15:21:22Z,,,
IEAEINT7I5CHQIYZ,J394 - Racking Engineering,['IEAEINT7I5CPZWIY'],WsFolder,,KUAJVUPW,"['KUAJVUPW', 'KUAJV4AW']",IEAEINT7JMCLXA5J,2023-06-26T16:55:08Z,2023-07-18,2023-09-15T14:39:10Z,
IEAEINT7I4ZDZOXH,Completed projects,"['IEAEINT7I45CAYRA', 'IEAEINT7I4ZZP74X', 'IEAEINT7I44M5XGO', 'IEAEINT7I46ZVBUY', 'IEAEINT7I47VXBS7', 'IEAEINT7I46KKDVA', 'IEAEINT7I4XFJ3S4', 'IEAEINT7I4773JXV', 'IEAEINT7I4WNTOGQ', 'IEAEINT7I4YFFXK6', 'IEAEINT7I42FV42L', 'IEAEINT7I44MGXWQ', 'IEAEINT7I47G4GD5', 'IEAEINT7I426SB72', 'IEAEINT7I4ZLXA5O', 'IEAEINT7I4UPZ3PJ', 'IEAEINT7I4ZLXIVO', 'IEAEINT7I44W2VTY', 'IEAEINT7I434GKOU', 'IEAEINT7I4ZNMNWK', 'IEAEINT7I4WLBI5M', 'IEAEINT7I4WEEBC5', 'IEAEINT7I4VTPMBI', 'IEAEINT7I4UAYLBM', 'IEAEINT7I4XY6PVO', 'IEAEINT7I43V7JL5', 'IEAEINT7I4YV4ID4', 'IEAEINT7I4XY6PNL', 'IEAEINT7I4YTDUYU', 'IEAEINT7I46IL35D', 'IEAEINT7I5AU7BTG', 'IEAEINT7I5CUYUDG', 'IEAEINT7I4Y5VPXW', 'IEAEINT7I44EP23L', 'IEAEINT7I5AO2YGA', 'IEAEINT7I5BQWJBG', 'IEAEINT7I44A43BB', 'IEAEINT7I5CD52AG', 'IEAEINT7I4VQ7ORW', 'IEAEINT7I42TTKIH', 'IEAEINT7I4UWFYJA', 'IEAEINT7I46MMDMM', 'IEAEINT7I43SL63L', 'IEAEINT7I4YTEBT5', 'IEAEINT7I4YFULIK', 'IEAEINT7I4Z7Z5VO', 'IEAEINT7I44ML5MX', 'IEAEINT7I5BAODCR', 'IEAEINT7I46ENHQQ', 'IEAEINT7I4VYJ5WT', 'IEAEINT7I47WN5ZR', 'IEAEINT7I45CLUT5', 'IEAEINT7I4ZENWQ6', 'IEAEINT7I43RY22E', 'IEAEINT7I4WPV7VD', 'IEAEINT7I43J656G', 'IEAEINT7I4UOOSN4', 'IEAEINT7I4YTDT3P', 'IEAEINT7I4YB7YKA', 'IEAEINT7I42QAV3A', 'IEAEINT7I4VOIQ4E', 'IEAEINT7I5CHQIYZ', 'IEAEINT7I42KL3OH', 'IEAEINT7I5AO2QUP', 'IEAEINT7I4YUAMRE', 'IEAEINT7I46A2MDI', 'IEAEINT7I45CAY2K', 'IEAEINT7I47U5KBB', 'IEAEINT7I4VDAS2A', 'IEAEINT7I47WDXYR', 'IEAEINT7I5AO2XEY', 'IEAEINT7I4YFFUJL', 'IEAEINT7I4ZLXIGC', 'IEAEINT7I4YTEBKP', 'IEAEINT7I46G3VQQ', 'IEAEINT7I4XWJLY3', 'IEAEINT7I45M335S', 'IEAEINT7I4YTDVFQ', 'IEAEINT7I47XHMXR', 'IEAEINT7I5BDRUN4', 'IEAEINT7I5AO2ZLJ', 'IEAEINT7I4UC6O5J', 'IEAEINT7I44MNSCP', 'IEAEINT7I4XFJ5G7', 'IEAEINT7I4VCXA5F', 'IEAEINT7I4XW2MHC', 'IEAEINT7I4YFFUG5', 'IEAEINT7I4ZLXIBU', 'IEAEINT7I4ZLXGZK', 'IEAEINT7I47G4D74', 'IEAEINT7I42VT6GL', 'IEAEINT7I43ENXGS', 'IEAEINT7I4U5RIKM', 'IEAEINT7I42NBPKG', 'IEAEINT7I47ZYSIL', 'IEAEINT7I4WNTJSA', 'IEAEINT7I44U6BGW', 'IEAEINT7I5CUY7OX', 'IEAEINT7I42MJRK7', 'IEAEINT7I5BQ2LER', 'IEAEINT7I45DVXVH', 'IEAEINT7I4VJWMYF', 'IEAEINT7I46ENG6Y', 'IEAEINT7I5AU7BOQ', 'IEAEINT7I43RYU52', 'IEAEINT7I43RYTVU', 'IEAEINT7I43XMCO7', 'IEAEINT7I4ZLXFIQ', 'IEAEINT7I4YBLEVZ', 'IEAEINT7I4ZNMJD2', 'IEAEINT7I475XJTW', 'IEAEINT7I425AE35', 'IEAEINT7I4YTEAE4', 'IEAEINT7I4YTDVMB', 'IEAEINT7I42QIHVQ', 'IEAEINT7I4XMW636', 'IEAEINT7I4YTDVUH', 'IEAEINT7I4YCA4EY', 'IEAEINT7I4YTEAUJ', 'IEAEINT7I45LDBYN', 'IEAEINT7I5BQWMNV', 'IEAEINT7I4U5Z3TD', 'IEAEINT7I4YTD7XQ', 'IEAEINT7I4YTEA7W', 'IEAEINT7I4YEJU4B', 'IEAEINT7I4YTEBXU', 'IEAEINT7I44JLK2S', 'IEAEINT7I425UBA5', 'IEAEINT7I4ZLXILT', 'IEAEINT7I4UAYJWF', 'IEAEINT7I46LVDTQ', 'IEAEINT7I4XJI2K7', 'IEAEINT7I4YFFUEZ', 'IEAEINT7I46ENC4K', 'IEAEINT7I43RYVGR', 'IEAEINT7I4YTDVX4', 'IEAEINT7I4Z62CJA', 'IEAEINT7I46MLXIL', 'IEAEINT7I4Z7NZZZ', 'IEAEINT7I44DMCHZ', 'IEAEINT7I4YRKNWH', 'IEAEINT7I456TJB2', 'IEAEINT7I43FJ5UB', 'IEAEINT7I4YUUWUT', 'IEAEINT7I4ZLXHTF', 'IEAEINT7I4VDAA6R', 'IEAEINT7I4626ZKL', 'IEAEINT7I435KIJQ', 'IEAEINT7I45KXBSO', 'IEAEINT7I4Z2JT2M', 'IEAEINT7I4ZLXFSR', 'IEAEINT7I4YV26FQ', 'IEAEINT7I42PJVI2', 'IEAEINT7I43NJIJG', 'IEAEINT7I462KA2R', 'IEAEINT7I47G4KMZ', 'IEAEINT7I43RY7HL', 'IEAEINT7I5AWJQE4', 'IEAEINT7I4ZZQDDA', 'IEAEINT7I4YEJUV4', 'IEAEINT7I4YFFD5I', 'IEAEINT7I46KKIS7', 'IEAEINT7I42K3WSW', 'IEAEINT7I434GLB6', 'IEAEINT7I43ES5NU']",WsFolder,,,,,,,,
IEAEINT7I4ZAF4YH,J274 - RIV Manufacturing,['IEAEINT7I4ZAGA6D'],WsFolder,,KUAJVUPW,['KUAJV4AW'],IEAEINT7JMCLXBAM,2022-02-03T22:43:58Z,2023-07-28,,2022-02-04
IEAEINT7I46IL35D,J352 - Engineering Analysis and Certification of Booster Stations,['IEAEINT7I46IL35G'],WsFolder,,KUAQKCJM,"['KUAJVURM', 'KUAJV4AW', 'KUADNVMK']",IEAEINT7JMCLXA5J,2022-12-02T01:15:05Z,2023-06-03,2023-09-13T19:31:19Z,2023-01-30
IEAEINT7I42QDDYD,J288 - Module 3 Vibration Mitigation,['IEAEINT7I42QDEHU'],WsFolder,,KUAJVUPW,['KUAJVURM'],IEAEINT7JMCQA4ZS,2022-04-29T16:34:13Z,2023-08-04,,
IEAEINT7I5C6P6EW,J405 - Cabinets Strengthening,['IEAEINT7I5C6P62W'],WsFolder,,KUAJVUPW,"['KUAJV4AW', 'KUAJVUPW']",IEAEINT7JMCLXBBM,2023-08-02T16:50:13Z,,2023-09-04T14:27:19Z,
IEAEINT7I5CUY7OX,Q402 - Fire Risk Assessments,[],WsFolder,,KUAJVUPW,"['KUAJV4AW', 'KUAJVUPW', 'KUADNVMK']",IEAEINT7JMCLXBBD,2023-07-19T20:27:11Z,,2023-09-12T22:58:19Z,
IEAEINT7I4ZNMNWK,J287 - Nelson Point Structural Health Monitoring Trial,['IEAEINT7I4ZNMOIW'],WsFolder,,KUAJVUPW,['KUADNVMK'],IEAEINT7JMD76XV3,2022-02-28T20:04:00Z,2023-03-30,2023-09-12T22:57:41Z,2022-09-14
IEAEINT7I5CV3JOE,J403 - Busselton Cable Nets,['IEAEINT7I5CYSI5O'],WsFolder,,KUAJV4AW,['KUAJV4AW'],IEAEINT7JMCQA4ZS,2023-07-21T10:53:06Z,,,
IEAEINT7I5DZST6P,5. R&D,[],WsFolder,,,,,,,,
IEAEINT7I5DODA25,Q407 - Centamin Structural Integrity Audit,[],WsFolder,,KUAJVUPW,"['KUAJVUPW', 'KUADNVMK']",IEAEINT7JMCLXA7O,2023-08-24T18:19:17Z,,,
IEAEINT7I4UAB54L,3. Engineering Function,"['IEAEINT7I5D4YBSM', 'IEAEINT7I42QDDYD', 'IEAEINT7I5B35654', 'IEAEINT7I5CL7WF3', 'IEAEINT7I4ZAF4YH', 'IEAEINT7I5BBF4OX', 'IEAEINT7I46CR2LF', 'IEAEINT7I5C2GX3S', 'IEAEINT7I5CSKK5U', 'IEAEINT7I5D2DGRX', 'IEAEINT7I5DZST6P', 'IEAEINT7I4UQG7UV', 'IEAEINT7I5DDV73C', 'IEAEINT7I5CV3JOE', 'IEAEINT7I5D2DTZ2', 'IEAEINT7I4ZDZOXH', 'IEAEINT7I5CBVCUH', 'IEAEINT7I5CLLAQU', 'IEAEINT7I472VXCI', 'IEAEINT7I5CFJNFR', 'IEAEINT7I4XVP2N2', 'IEAEINT7I5A7SQOX', 'IEAEINT7I5C6P6EW', 'IEAEINT7I5CSKKOU', 'IEAEINT7I5CFJMTG', 'IEAEINT7I46ADXPW', 'IEAEINT7I43RY7NE', 'IEAEINT7I5BEI4P4', 'IEAEINT7I5CTXGUD', 'IEAEINT7I5CLLAUM', 'IEAEINT7I5DOI7A7', 'IEAEINT7I5DODA25', 'IEAEINT7I472WF6W']",WsFolder,,,,,,,,
IEAEINT7I42QDEHU,J288 - (ADM) Module 3 Vibration Mitigation,[],WsFolder,,,,,,,,
IEAEINT7I5C6P62W,Q405 - (ADM) Cabinets strengthening,[],WsFolder,,,,,,,,
IEAEINT7I4UQG7UV,J083 - SHM Hailcreek Mine,['IEAEINT7I46NFLNT'],WsFolder,,KUALR2UV,['KUAQR2U7'],IEAEINT7JMCLXBBM,2021-05-10T19:35:07Z,2023-02-28,2023-02-22T22:07:46Z,2022-11-14
IEAEINT7I46CR2LF,J347 - Spark Tender - Ventilation Ducting Support Brackets,['IEAEINT7I46CR2LJ'],WsFolder,,KUAQKCJM,['KUAQBNUM'],IEAEINT7JMCLXBBM,2022-11-21T00:09:55Z,,2023-09-04T14:24:06Z,
IEAEINT7I46ADXPW,J345 - Spark Tender - Temporary Utility Brackets,['IEAEINT7I46ADX4W'],WsFolder,,KUAJVUPW,['KUAQBNUM'],IEAEINT7JMCLXBBM,2022-11-15T18:40:30Z,,2023-09-04T14:23:57Z,
IEAEINT7I5AWJQE4,J379 - GCM Equipment Relocation,['IEAEINT7I5AWJQHY'],WsFolder,,KUAJVUPW,['KUAJV4AW'],IEAEINT7JMCLXA5J,2023-04-17T18:29:18Z,2023-06-22,2023-08-29T15:34:36Z,
IEAEINT7I46KKDVA,J353 - YLY Structural Integrity Audit.,['IEAEINT7I46KKDVB'],WsFolder,,KUAQKCJM,"['KUAJVUPW', 'KUAJ4LPJ']",IEAEINT7JMCLXA5J,2022-12-06T03:31:51Z,,2023-08-29T15:34:10Z,2023-03-06
IEAEINT7I5CUYUDG,J401 - (Updating J194) - FEA - Hitachi ZX135 Front End,['IEAEINT7I5CYSJQ5'],WsFolder,,KUAJVUPW,['KUAJV4AW'],IEAEINT7JMCLXA5J,2023-07-19T20:10:06Z,,2023-08-29T15:32:27Z,
IEAEINT7I5CD52AG,J390 - Training Weapon Trolly,['IEAEINT7I5CO73X4'],WsFolder,,KUAJV4AW,['KUAJV4AW'],IEAEINT7JMCLXA5J,2023-06-19T19:58:08Z,,2023-08-04T15:15:17Z,
IEAEINT7I5DJETD6,Standards,[],WsFolder,,KUAJVUPW,[],IEAEINT7JMB3DINO,2023-08-15T19:15:45Z,,,
IEAEINT7I5CKDTF5,MOS ENG Project Team Action List,[],RbFolder,,KUAPSRAK,[],IEAEINT7JMB3DINO,2023-06-30T04:19:43Z,,,
IEAEINT7I5C2GX3S,Q404 -  Pulleys Certification,['IEAEINT7I5C4ZMKM'],WsFolder,,KUAJVUPW,['KUAJVUPW'],IEAEINT7JMCLXA7Y,2023-07-27T13:36:08Z,,,
IEAEINT7I5DCLBEZ,4.1. MOS Implementation - Engineering Fuction,[],WsFolder,,,,,,,,
IEAEINT7I5A7SQOX,4. Engineering Continuous Improvement,"['IEAEINT7I5BKRIT3', 'IEAEINT7I5DJETD6', 'IEAEINT7I5DCLBEZ']",WsFolder,,,,,,,,
IEAEINT7I5BDRUN4,Q382 - Skid and Drawbar Certification,['IEAEINT7I5BKPH4B'],WsFolder,,KUAJV4AW,['KUAJVUPW'],IEAEINT7JMCLXBBD,2023-05-09T15:52:43Z,,2023-07-25T16:39:36Z,
IEAEINT7I5BAODCR,Q380 - RHS Midrack Capacity,['IEAEINT7I5BAOERT'],WsFolder,,KUAJVUPW,"['KUAJVUPW', 'KUAJV4AW']",IEAEINT7JMCLXA5J,2023-05-03T16:20:02Z,2023-05-04,2023-08-07T19:38:26Z,
IEAEINT7I5AO2YGA,Q375 - Structural Certification of Tanks,['IEAEINT7I5AO2YXY'],WsFolder,,KUAJVUPW,['KUAJVUPW'],IEAEINT7JMCLXBBD,2023-04-03T17:50:17Z,2023-03-31,2023-07-25T16:46:23Z,
IEAEINT7I47ZYSIL,Q370 - Trinity pulley beam certification,['IEAEINT7I47ZYSIM'],WsFolder,,KUAQKCJM,"['KUAJV4AW', 'KUAJ4LPJ']",IEAEINT7JMCLXBBD,2023-02-28T22:50:34Z,2023-03-02,2023-07-25T16:46:39Z,
IEAEINT7I472WF6W,Q369 - Strategic Dust Program (EOI-01454),['IEAEINT7I5BKPH7Q'],WsFolder,,KUAQKCJM,['KUADNVMK'],IEAEINT7JMCLXA7O,2023-03-02T00:47:30Z,2023-03-10,,2023-03-01
IEAEINT7I472VXCI,Q368 - Engineering and Consultancy Dust Program (EOI-01453),['IEAEINT7I5BKPIBZ'],WsFolder,,KUAQKCJM,['KUADNVMK'],IEAEINT7JMCLXA7O,2023-03-01T23:57:32Z,2023-03-14,,2023-03-01
IEAEINT7I43RY7NE,Q322 - SHMS for coal handling tunnel,['IEAEINT7I43RY7OH'],WsFolder,,KUAJVUPW,"['KUAJVURM', 'KUADNVMK']",IEAEINT7JMCLXA5I,2022-07-01T23:43:20Z,2022-07-01,,
IEAEINT7I4XVP2N2,J253 - Foreign Contaminants Detection on Conveyor Belts,['IEAEINT7I4Y4ULS4'],WsFolder,,KUAJVUPW,['KUADNVMK'],IEAEINT7JMCLXBAW,2021-11-16T21:08:35Z,2023-10-26,,2021-11-10
IEAEINT7I42NBPKG,J303 - Structural integrity defects proactive mitigation study,['IEAEINT7I42NBPQX'],WsFolder,,KUAJVUPW,"['KUAJVUPW', 'KUAPSRAK']",IEAEINT7JMCLXA5J,2022-04-25T14:41:59Z,2023-08-11,2023-08-03T21:30:58Z,2022-05-31
IEAEINT7I5BQ2LER,J386 - Verify Plant Design,['IEAEINT7I5BQ2LQ4'],WsFolder,,KUAJVUPW,"['KUAJVUPW', 'KUAJV4AW']",IEAEINT7JMCLXA5J,2023-05-22T18:46:47Z,2023-07-31,2023-08-02T16:52:13Z,
IEAEINT7I5CBVCUH,Q387 - Design of Temporary Utility Brackets,['IEAEINT7I5CBVCZW'],WsFolder,,KUAJVUPW,"['KUADNVMK', 'KUAJVUPW']",IEAEINT7JMCLXA7O,2023-06-14T20:03:39Z,,,
IEAEINT7I5CFJMTG,Q392 - Boat Lift Certification,['IEAEINT7I5CYS7XI'],WsFolder,,KUAJVUPW,['KUAJV4AW'],IEAEINT7JMCLXA7O,2023-06-21T16:33:41Z,,,
IEAEINT7I5CFJNFR,Q391 - Shed Structural Certification,['IEAEINT7I5CYTBHL'],WsFolder,,KUAJVUPW,['KUAJV4AW'],IEAEINT7JMCLXA7O,2023-06-21T16:34:15Z,,,
IEAEINT7I5BEI4P4,Q383 - Hitachi EX3600-6 Excavator,['IEAEINT7I5BEI4UD'],WsFolder,,KUAJVUPW,"['KUAJVUPW', 'KUAQR2T6']",IEAEINT7JMCLXA7O,2023-05-10T15:46:49Z,,,
IEAEINT7I5CSKK5U,Q399 - Ton Trailer Certification,['IEAEINT7I5CYSTTV'],WsFolder,,KUAJVUPW,"['KUAJV4AW', 'KUAJVUPW']",IEAEINT7JMCLXA7O,2023-07-14T19:37:36Z,,,
IEAEINT7I5CSKKOU,Q398 - Balustrade Certification,['IEAEINT7I5CYS6W7'],WsFolder,,KUAJVUPW,['KUAJVUPW'],IEAEINT7JMCLXA7O,2023-07-14T19:36:41Z,,,
IEAEINT7I5CL7WF3,Q395 - CAT793D RAC Correlation Study & Front Suspension Pins Fracture Analysis,[],WsFolder,,KUAJVUPW,['KUAJVUPW'],IEAEINT7JMCLXA7O,2023-07-04T23:28:23Z,2023-07-11,,
IEAEINT7I5CTXGUD,Q400 - Cooling Skid Certification,['IEAEINT7I5CYSLR5'],WsFolder,,KUAJVUPW,"['KUAJV4AW', 'KUAJVUPW']",IEAEINT7JMCLXA7O,2023-07-18T16:11:49Z,,,
IEAEINT7I5C4ZMKM,Q404 - (ADM)  Pulleys Certification,[],WsFolder,,,,,,,,
IEAEINT7I5C3QJIB,My New Project,[],RbFolder,,,,,,,,
IEAEINT7I5C3QI6L,My New Project,[],RbFolder,,,,,,,,
IEAEINT7I5C3QI2V,My New Project,[],RbFolder,,,,,,,,
IEAEINT7I5CYSI5O,J403 - (ADM) Busselton Cable Nets,[],WsFolder,,,,,,,,
IEAEINT7I5CLLAQU,Q396 - Snowflake Data Visualisation,[],WsFolder,,KUAJVUPW,['KUAJVUPW'],IEAEINT7JMCLXA7E,2023-07-03T17:01:10Z,,,
IEAEINT7I5CCENRH,G009 - Capability Update,[],WsFolder,,KUAOEGVX,['KUAOEGVX'],IEAEINT7JMAAAAAB,2023-06-15T14:23:23Z,,2023-07-26T09:48:26Z,
IEAEINT7I4ZLXA5O,J277 - Rail Cleaning Device,['IEAEINT7I4ZLZKSO'],WsFolder,,KUAJVUPW,"['KUADNVMK', 'KUAJV4AW', 'KUAJ57N7']",IEAEINT7JMCLXA5J,2022-02-24T18:50:07Z,2022-11-30,2023-07-18T23:50:17Z,2022-07-04
IEAEINT7I5B35654,Q389 - Load and Unload Shuttles and Frames FEA,['IEAEINT7I5CYTDPW'],WsFolder,,KUAJVUPW,['KUAJV4AW'],IEAEINT7JMCLXA7O,2023-06-06T18:52:19Z,,,
IEAEINT7I5CYTDPW,Q389 - (ADM) Load and Unload Shuttles and Frames FEA,[],WsFolder,,,,,,,,
IEAEINT7I5CYTBHL,Q391 - (ADM) Shed Structural Certification,[],WsFolder,,,,,,,,
IEAEINT7I5CYS7XI,Q392 - (ADM) Boat Lift Certification,[],WsFolder,,,,,,,,
IEAEINT7I5CYS6W7,Q398 - (ADM) Balustrade Certification,[],WsFolder,,,,,,,,
IEAEINT7I5CYSTTV,Q399 - (ADM) Ton Trailer Certification,[],WsFolder,,,,,,,,
IEAEINT7I5CYSLR5,Q400 - (ADM) Cooling Skid Certification,[],WsFolder,,,,,,,,
IEAEINT7I5CYSJQ5,J401 - (ADM) (Updating J194) - FEA - Hitachi ZX135 Front End,[],WsFolder,,,,,,,,
IEAEINT7I5CLLAUM,Q397 - Mobile Solution Dust Particulate Detection,[],WsFolder,,KUAJVUPW,['KUAJVUPW'],IEAEINT7JMCLXA7E,2023-07-03T17:01:37Z,,,
IEAEINT7I4Z7NZZZ,J298 - Fatigue Analysis of CAT 793D,['IEAEINT7I4Z7N2B7'],WsFolder,,KUAJVUPW,['KUADNVMK'],IEAEINT7JMCLXA5J,2022-03-31T14:23:53Z,2023-07-15,2023-07-25T03:03:05Z,2023-01-24
IEAEINT7I5CMLTSU,Q398 - CAT793D Front Suspension Lugs-Spikes Fracture Analysis,[],RbFolder,,KUAJVUPW,"['KUAJV4AW', 'KUAJVUPW']",IEAEINT7JMCLXA5I,2023-07-05T14:58:56Z,,,
IEAEINT7I43V7JL5,J324 - BHP CD4 Trunnion Room Drainage,['IEAEINT7I43WSZB2'],WsFolder,,KUAQKCJM,['KUAJVURM'],IEAEINT7JMCLXA5J,2022-07-12T01:04:57Z,2022-11-18,2023-01-10T22:42:39Z,2022-08-03
IEAEINT7I5AU7BTG,J378 - PA People frensham school mittagong,['IEAEINT7I5AU7BVO'],WsFolder,,KUAJVUPW,['KUADNVMK'],IEAEINT7JMCLXBBD,2023-04-14T05:04:23Z,,2023-04-26T16:09:17Z,
IEAEINT7I43RYU52,Q318 - Creation of blueprint for coal handling and processing infrastructure,['IEAEINT7I43RY7KY'],WsFolder,,KUAJVUPW,['KUADNVMK'],IEAEINT7JMCLXBBD,2022-07-01T22:26:22Z,2022-12-15,2023-06-13T19:11:20Z,
IEAEINT7I43RYVGR,Q319 - SHMS for the coal handling and processing infrastructure,['IEAEINT7I43RY7KN'],WsFolder,,KUAJVUPW,['KUAJVUPW'],IEAEINT7JMCLXBBD,2022-07-01T22:27:08Z,2022-12-15,2023-06-13T19:11:28Z,
IEAEINT7I5BKRIT3,Action List,[],WsFolder,,KUAJVUPW,[],IEAEINT7JMB3DINO,2023-05-17T20:34:55Z,,,
IEAEINT7I5CMTLRR,test,[],RbFolder,,KUAJVUPW,[],IEAEINT7JMDWY7CM,2023-07-05T20:35:37Z,,,
IEAEINT7I5CMU2YU,Q398 - Test Project,[],RbFolder,,KUAJVUPW,[],IEAEINT7JMDWY7CM,2023-07-05T21:57:24Z,,,
IEAEINT7I5CMTGEQ,My New Project,[],RbFolder,,,,,,,,
IEAEINT7I5CMTGS6,test,[],RbFolder,,,,,,,,
IEAEINT7I5BQWMNV,J384 - Hook Maximum Load Calculation,['IEAEINT7I5BQWMTG'],WsFolder,,KUAJVUPW,"['KUAJVUPW', 'KUAJV4AW', 'KUAQBNUM']",IEAEINT7JMCLXA5J,2023-05-22T15:30:37Z,2023-06-30,2023-07-05T17:19:19Z,
IEAEINT7I475XJTW,J371 - Trinity Platform Certification,['IEAEINT7I475XJTX'],WsFolder,,KUAQKCJM,['KUAJV4AW'],IEAEINT7JMCLXA5J,2023-03-07T01:22:37Z,2023-06-26,2023-07-05T17:18:36Z,
IEAEINT7I5B42LQR,Carlos´s Business Expenses,[],WsFolder,,,,,,,,
IEAEINT7I4YTDVX4,J222 - Lifting Pin Certification,[],WsFolder,,KUAJVUPW,['KUAJVUPW'],IEAEINT7JMCLXA5J,2022-01-12T14:07:17Z,,2022-01-12T14:07:55Z,
IEAEINT7I5AGTQ3B,2. Program Delivery,"['IEAEINT7I5AGTO7Y', 'IEAEINT7I5AGTO3L', 'IEAEINT7I5AGTPDB', 'IEAEINT7I5AGTO5B', 'IEAEINT7I5AGTO6Q', 'IEAEINT7I5AGTSYD', 'IEAEINT7I5AGTO4T', 'IEAEINT7I5AGTPFE', 'IEAEINT7I5AGTPBH']",WsFolder,,KUAJVUPW,['KUAPSRAK'],IEAEINT7JMB3DINO,2023-03-20T22:45:02Z,,,
IEAEINT7I4Z7N2B7,J298 - (ADM) Fatigue Analysis of CAT 793D,[],WsFolder,,,,,,,,
IEAEINT7I4VQBDNH,Week 28,[],WsFolder,,,,,,,,
IEAEINT7I4VYJ5WT,J242 - Cable Drum Transport Trailer,[],WsFolder,,KUALR2UV,['KUADNVMK'],IEAEINT7JMCLXA5J,2021-07-28T11:56:13Z,2021-08-04,2021-08-31T07:59:30Z,2021-07-28
IEAEINT7I5AGTO3L,2.1 Sales & Marketing -MOS Implementation,[],WsFolder,,KUAJVUPW,"['KUAPSRAK', 'KUAJVUPW']",IEAEINT7JMB3DINO,2023-03-20T22:41:37Z,,,
IEAEINT7I5AGTQX3,1. Program Definition,[],WsFolder,,KUAJVUPW,[],IEAEINT7JMAAAAAA,2023-03-20T22:44:53Z,,,
IEAEINT7I4UO252D,J208,[],RbFolder,,KUAJV4AW,['KUAJV4AW'],IEAEINT7JMAAAAAA,2021-05-06T23:25:26Z,,,
IEAEINT7I4UO22TC,J2018,[],RbFolder,,KUAJV4AW,['KUAJV4AW'],IEAEINT7JMAAAAAA,2021-05-06T23:14:13Z,,,
IEAEINT7I4XFJ5G7,J249 - Hitachi 170 140 W,[],WsFolder,,KUAJV4AW,[],IEAEINT7JMCLXA5J,2021-10-21T16:09:55Z,,2021-11-29T20:14:45Z,
IEAEINT7I4UWFYJA,J231 - Plaform TEDQ471,[],WsFolder,,KUALR2UV,['KUALR2UV'],IEAEINT7JMCLXA5J,2021-05-21T20:34:31Z,2021-05-26,2021-06-16T19:41:01Z,2021-05-21
IEAEINT7I4VDAS2A,J236 - Hitachi zx85us-5a,[],WsFolder,,KUALR2UV,['KUALR2UV'],IEAEINT7JMCLXA5J,2021-06-17T11:06:16Z,2021-06-29,2021-06-28T10:26:21Z,2021-06-23
IEAEINT7I4UEAG57,To be Organised,"['IEAEINT7I43O4K7M', 'IEAEINT7I4YOPSTE', 'IEAEINT7I4YB7KUZ', 'IEAEINT7I4ZNETCZ', 'IEAEINT7I43ZVJIR', 'IEAEINT7I4YGBFHP', 'IEAEINT7I44WMFHV', 'IEAEINT7I4X5A3OE', 'IEAEINT7I4ZSZKBY', 'IEAEINT7I4Z7QA7O', 'IEAEINT7I45EM4OQ', 'IEAEINT7I45ICAIX', 'IEAEINT7I44WMEDR', 'IEAEINT7I4YXGYXO', 'IEAEINT7I4ZZZ2F7', 'IEAEINT7I4ZVH3LQ', 'IEAEINT7I43OVVCM', 'IEAEINT7I4X5CMPY', 'IEAEINT7I46ST34C', 'IEAEINT7I43I74N7', 'IEAEINT7I42ZGWBA', 'IEAEINT7I4YU4TP2', 'IEAEINT7I44Z5VFL', 'IEAEINT7I4ZJMKZA', 'IEAEINT7I4YXTEOA', 'IEAEINT7I443YUIF', 'IEAEINT7I44WQXCS', 'IEAEINT7I4ZGD3K6', 'IEAEINT7I42KMKXC', 'IEAEINT7I44LN5TS', 'IEAEINT7I43ZLMGS', 'IEAEINT7I43I74SI', 'IEAEINT7I44WMEBM', 'IEAEINT7I44H4R5Q', 'IEAEINT7I44AHRCT', 'IEAEINT7I4YZODKH', 'IEAEINT7I425BAIC', 'IEAEINT7I47FC54D', 'IEAEINT7I42N2MYO', 'IEAEINT7I42BFM2G', 'IEAEINT7I4Y5S7YM', 'IEAEINT7I4YQ4JSY', 'IEAEINT7I43VQYMP', 'IEAEINT7I445ORMA', 'IEAEINT7I45MZYE3', 'IEAEINT7I42KMKT3', 'IEAEINT7I42RAG6N', 'IEAEINT7I45Z32WD', 'IEAEINT7I44PA5RP', 'IEAEINT7I43I74XM', 'IEAEINT7I44WME4A', 'IEAEINT7I4Y5R6FQ', 'IEAEINT7I4YOPSYO', 'IEAEINT7I42YE7PI', 'IEAEINT7I45TBXK5', 'IEAEINT7I44M6HF4', 'IEAEINT7I4YEEURR', 'IEAEINT7I44DCNCF', 'IEAEINT7I457N2QD', 'IEAEINT7I46J5VPJ', 'IEAEINT7I4X5DGJN', 'IEAEINT7I45BF4HP', 'IEAEINT7I4ZFLYRL', 'IEAEINT7I44WESA5']",WsFolder,,,,,,,,
IEAEINT7I4WEEBC5,J243 - Landroller,[],WsFolder,,KUAJV4AW,[],IEAEINT7JMCLXA5J,2021-08-20T02:00:58Z,,2021-08-20T05:36:12Z,
IEAEINT7I5AGTSYD,2.0 Program Integration,[],WsFolder,,KUAJVUPW,[],IEAEINT7JMAAAAAA,2023-03-20T22:49:41Z,,,
IEAEINT7I4TMC3ZL,Personal,[],WsFolder,,,,,,,,
IEAEINT7I4TMKX4Q,Personal,[],WsFolder,,,,,,,,
IEAEINT7I4TXQ2WW,1. Initiation,[],RbFolder,,,,,,,,
IEAEINT7I4TXQ2WY,3. Development,[],RbFolder,,,,,,,,
IEAEINT7I4TXQ2WT,Projects with Phases,[],WsFolder,,,,,,,,
IEAEINT7I4TXQ2WX,2. Planning,[],RbFolder,,,,,,,,
IEAEINT7I4TXQ2W2,5. Launch,[],RbFolder,,,,,,,,
IEAEINT7I4TXQ2WZ,4. Testing,[],RbFolder,,,,,,,,
IEAEINT7I4TYHMCF,01 300W PIR,[],RbFolder,,,,,,,,
IEAEINT7I4TXQZCV,Created Tasks & Projects,[],WsFolder,,,,,,,,
IEAEINT7I4TXQZCR,Carlos Cardenas — deleted user resources,['IEAEINT7I4TXQZCV'],WsFolder,,,,,,,,
IEAEINT7I4ZAGCFV,Kick-off meeting,[],RbFolder,,,,,,,,
IEAEINT7I5AGTPDB,2.7 IT Management,[],WsFolder,,KUAJVUPW,[],IEAEINT7JMAAAAAA,2023-03-20T22:42:32Z,,,
IEAEINT7I4TXQ2WV,Complex Project with Phases,"['IEAEINT7I4TXQ2WY', 'IEAEINT7I4TXQ2WZ', 'IEAEINT7I4TXQ2W2', 'IEAEINT7I4TXQ2WW', 'IEAEINT7I4TXQ2WX']",RbFolder,,KUADNVMK,['KUADNVMK'],IEAEINT7JMAAAAAA,2021-03-23T07:29:09Z,,,
IEAEINT7I5BQ7BW4,Alex Lvov's Business Expenses,[],RbFolder,,,,,,,,
IEAEINT7I4UEAHMH,Certifications,"['IEAEINT7I4UEBDGS', 'IEAEINT7I4UEBCWI', 'IEAEINT7I4UO22TC']",RbFolder,,,,,,,,
IEAEINT7I4UEAHP7,SHM,['IEAEINT7I4UEBICM'],RbFolder,,,,,,,,
IEAEINT7I4UEA7IT,Audits,[],RbFolder,,,,,,,,
IEAEINT7I4UEBDGS,Structures,"['IEAEINT7I4UEBD2W', 'IEAEINT7I4UEBRWK', 'IEAEINT7I4U25YEU', 'IEAEINT7I4UO252D']",RbFolder,,,,,,,,
IEAEINT7I4UEBCWI,Machinery,[],RbFolder,,,,,,,,
IEAEINT7I4UEBD2W,J216MRP001,[],RbFolder,,KUAJVUPW,['KUAJVUPW'],IEAEINT7JMAAAAAA,2021-04-15T18:48:26Z,,,
IEAEINT7I4UEBRWK,J218MRP001,[],RbFolder,,KUAJVUPW,['KUAJVUPW'],IEAEINT7JMB3DINO,2021-04-15T19:10:36Z,,,
IEAEINT7I4X5DGJN,Y21W49,[],WsFolder,,,,,,,,
IEAEINT7I4UHWHTG,Fidel,[],WsFolder,,,,,,,,
IEAEINT7I4UHWHPJ,Louis,[],WsFolder,,,,,,,,
IEAEINT7I4UHWHNF,Charles,[],WsFolder,,,,,,,,
IEAEINT7I4UHWHC4,Leo,[],WsFolder,,,,,,,,
IEAEINT7I4UHWHUB,Nick,[],WsFolder,,,,,,,,
IEAEINT7I4Z7QA7O,Y22W14,[],WsFolder,,,,,,,,
IEAEINT7I4VCVSSK,Week 24,[],WsFolder,,,,,,,,
IEAEINT7I4XMW636,J252 - Visy Smithfield Pre-Design,[],WsFolder,,KUAJVUPW,"['KUAJVUPW', 'KUAJVURM', 'KUAMCL4Z']",IEAEINT7JMCLXA5J,2021-11-03T19:47:10Z,,2022-01-17T21:44:52Z,
IEAEINT7I4UO2Z3X,Daily Meeting information hand over,[],RbFolder,,,,,,,,
IEAEINT7I4UQOHYS,BHP Port Hedland Buildings Structural Inspection,[],RbFolder,,KUADNVMK,['KUADNVMK'],IEAEINT7JMAAAAAA,2021-05-11T06:03:53Z,2021-05-11,,2021-05-11
IEAEINT7I47KMRZ7,Iván Escorcia,[],WsFolder,,KUAPGNLY,['KUAPGNLY'],IEAEINT7JMAAAAAA,2023-02-07T18:08:45Z,,,
IEAEINT7I47KMR4W,Juan Duncan,[],WsFolder,,KUAPGNLY,['KUAPGNLY'],IEAEINT7JMAAAAAA,2023-02-07T18:08:55Z,,,
IEAEINT7I5BQWJBG,J385 - Trinity Flown Reflectors,['IEAEINT7I5BQWLZ6'],WsFolder,,KUAJV4AW,['KUAJV4AW'],IEAEINT7JMCLXA5J,2023-05-22T15:25:51Z,2023-06-16,2023-07-11T18:23:11Z,
IEAEINT7I5CPZWIY,J394 - (ADM) Racking Engineering,[],WsFolder,,,,,,,,
IEAEINT7I42QAV3A,J306 - Incinerator Recovery Conveyor,['IEAEINT7I42QAWCL'],WsFolder,,KUAJVUPW,['KUAJVURM'],IEAEINT7JMCLXA5J,2022-04-29T14:58:39Z,2023-03-01,2022-11-17T16:56:34Z,2022-11-29
IEAEINT7I5CO73X4,J390 - (ADM) Training Weapon Trolly,[],WsFolder,,,,,,,,
IEAEINT7I4VCXA5F,J234 - CV802 Trestle leg repair,[],WsFolder,,KUALR2UV,"['KUADNVMK', 'KUALR2UV']",IEAEINT7JMCLXA5J,2021-06-16T20:50:03Z,2021-06-18,2021-07-28T07:06:32Z,2021-06-16
IEAEINT7I4U6AMDT,13 - WWTP SEWAGE - Building WWTP Sewage,[],WsFolder,,,,,,,,
IEAEINT7I4U6AK4H,07 - BLD604 - Building Mooka OCRS Warehouse BLD604,[],WsFolder,,,,,,,,
IEAEINT7I4U6AMIG,14 - CON-01 - Building Store Room MSF CON-01,[],WsFolder,,,,,,,,
IEAEINT7I4YRKNWH,J269 - Truss conveyor structural analysis,"['IEAEINT7I4354FMJ', 'IEAEINT7I4YRKNWI']",WsFolder,,KUADNVMK,['KUAJVURM'],IEAEINT7JMCLXA5J,2022-01-10T10:08:19Z,2022-08-19,2022-06-16T05:06:14Z,2022-02-08
IEAEINT7I4UEBICM,J351SHM008,[],RbFolder,,KUAJVUPW,['KUAJVUPW'],IEAEINT7JMAAAAAA,2021-04-15T18:54:42Z,,,
IEAEINT7I4U25YEU,J225,[],RbFolder,,KUAJV4AW,['KUAJV4AW'],IEAEINT7JMAAAAAA,2021-06-01T22:48:29Z,,,
IEAEINT7I4UEAHTH,Design,[],RbFolder,,,,,,,,
IEAEINT7I4VXL3RZ,Week 30,[],WsFolder,,,,,,,,
IEAEINT7I4UQOJUL,BHP Port Hedland Buildings Structural Integrity Proposal,[],WsFolder,,KUADNVMK,"['KUADNVMK', 'KUAKGJIH']",IEAEINT7JMB63AGK,2021-05-11T06:10:51Z,2021-05-10,,2021-05-10
IEAEINT7I4UAYROG,PI Technical Pull Test,[],WsFolder,,KUADNVMK,['KUADNVMK'],IEAEINT7JMAAAAAD,2021-04-09T07:59:48Z,2021-04-10,2021-06-18T00:48:44Z,2021-04-09
IEAEINT7I4VE5GVM,Week 25,[],WsFolder,,,,,,,,
IEAEINT7I44DCNCF,Y22W32,[],WsFolder,,,,,,,,
IEAEINT7I4Y5VP4B,Administrative,[],WsFolder,,,,,,,,
IEAEINT7I456TJJ7,J344 - (ADM) Client Service Development,[],WsFolder,,,,,,,,
IEAEINT7I4VIQBGQ,Week 26,[],WsFolder,,,,,,,,
IEAEINT7I4UHWHKL,Alex,[],WsFolder,,,,,,,,
IEAEINT7I4VTPMBI,J241 - Visy Recycling-MRF Upgrade,['IEAEINT7I4Y4UJQ7'],WsFolder,,KUALR2UV,['KUAJVURM'],IEAEINT7JMCLXA5J,2021-07-19T06:18:11Z,2022-05-06,2022-08-12T21:17:35Z,2021-12-10
IEAEINT7I4VMBCOM,Week 27,[],WsFolder,,,,,,,,
IEAEINT7I42FS4IS,J301 - 5Y Sfty Insp SIM CVI MSF Store BLD505,['IEAEINT7I42FS65R'],WsFolder,,KUAJVUPW,['KUAMBT5J'],IEAEINT7JMCLXBAM,2022-04-11T22:47:23Z,,,
IEAEINT7I43ZLMGS,Y22W29,[],WsFolder,,,,,,,,
IEAEINT7I4ZLXHTF,J281 - CM Canister Driver,['IEAEINT7I4ZLZPYZ'],WsFolder,,KUAJVUPW,['KUAQTHP6'],IEAEINT7JMCLXBBD,2022-02-24T19:01:04Z,,2022-11-30T04:46:04Z,
IEAEINT7I45CAYRA,J339 - Brandown Structural Analysis,['IEAEINT7I45CKKXL'],WsFolder,,KUAQTHQB,"['KUAJVURM', 'KUAOIXQV', 'KUAQTHQB']",IEAEINT7JMCLXA5J,2022-10-05T04:58:27Z,2022-10-14,2023-01-23T19:14:45Z,2022-10-11
IEAEINT7I45CAY2K,J340 - Resource Co Structural Analysis,['IEAEINT7I45CKLAE'],WsFolder,,KUAQTHQB,"['KUAJVURM', 'KUAQTHQD']",IEAEINT7JMCLXA5J,2022-10-05T05:00:40Z,2022-10-21,2022-12-19T20:49:34Z,
IEAEINT7I4V3SFU5,Week 31,[],WsFolder,,,,,,,,
IEAEINT7I4V6364P,Week 32,[],WsFolder,,,,,,,,
IEAEINT7I4ZAGA6D,J274 - (ADM) RIV Manufacturing,[],WsFolder,,,,,,,,
IEAEINT7I4X6RKMD,Meetings,[],RbFolder,,KUAJVUPW,['KUAJVUPW'],IEAEINT7JMCAPJJW,2021-12-01T21:37:23Z,,,
IEAEINT7I4XAWNBZ,Week 35,[],WsFolder,,,,,,,,
IEAEINT7I4WB3TLY,Week 33,[],WsFolder,,,,,,,,
IEAEINT7I4XY6PFN,Closed projects,['IEAEINT7I4VQ7ORW'],WsFolder,,,,,,,,
IEAEINT7I4ZDIRDL,Administrative,[],WsFolder,,,,,,,,
IEAEINT7I4Y4CJ5F,Financial estimates,[],WsFolder,,,,,,,,
IEAEINT7I5AWJQHY,J379 - (ADM) GCM Equipment Relocation,[],WsFolder,,,,,,,,
IEAEINT7I434GLB6,J294 - Quantitative Based Surface Condition Evaluation,['IEAEINT7I434GLFQ'],WsFolder,,KUAJVUPW,['KUADNVMK'],IEAEINT7JMCLXBBD,2022-07-22T15:53:02Z,2022-07-22,2022-08-02T23:49:27Z,
IEAEINT7I4YYOWAU,Structures of projects,"['IEAEINT7I4YYOVZI', 'IEAEINT7I4YYO2WI']",RbFolder,,,,,,,,
IEAEINT7I46ZVBUZ,J358 - (ADM) Hammon Park Jump Park Whale Tale,[],WsFolder,,,,,,,,
IEAEINT7I4YYOVZI,Hailrail System Harrybilt,[],RbFolder,,KUAJVUPW,[],IEAEINT7JMAAAAAA,2022-01-21T15:24:16Z,,,
IEAEINT7I4WNGNLV,Week 36,[],WsFolder,,,,,,,,
IEAEINT7I43FJ5UB,J314 - StoreMasta Container Design,['IEAEINT7I43FJ6BS'],WsFolder,,KUAJVUPW,"['KUAMBT5J', 'KUALNZH6']",IEAEINT7JMCLXA5J,2022-06-08T20:24:00Z,2022-06-27,2022-08-18T22:41:31Z,2022-06-17
IEAEINT7I4YQGJUI,J266 - (ADM) CV815 Tunnel Durability Study,[],WsFolder,,,,,,,,
IEAEINT7I4WX7JPS,Week 39,[],WsFolder,,,,,,,,
IEAEINT7I4YCA4EY,J261 - ROM Bin Durability Study,['IEAEINT7I4YQGEG6'],WsFolder,,KUAJVUPW,['KUAJVUPW'],IEAEINT7JMCLXA5J,2021-12-07T15:49:15Z,2022-02-18,2022-02-07T23:35:09Z,2022-01-18
IEAEINT7I4WX7JNO,Week 38,[],WsFolder,,,,,,,,
IEAEINT7I4WSAKI2,Week 37,[],WsFolder,,,,,,,,
IEAEINT7I4YYO2WI,Structural Mechanical Certification,[],RbFolder,,KUAJVUPW,[],IEAEINT7JMAAAAAA,2022-01-21T15:30:47Z,,,
IEAEINT7I42D7EDZ,Administrative,[],WsFolder,,,,,,,,
IEAEINT7I44W23CX,J337 - (ADM) BHP Buildings Inspections,[],WsFolder,,,,,,,,
IEAEINT7I43NJDGG,5Y Sfty Insp CVI Bldg Med Subs,[],RbFolder,,KUAJVUPW,"['KUADNVMK', 'KUANU3JP']",IEAEINT7JMCLXA5I,2022-06-23T14:47:11Z,,,
IEAEINT7I42D7D7R,Administrative,[],WsFolder,,,,,,,,
IEAEINT7I42D7EG7,Administrative,[],WsFolder,,,,,,,,
IEAEINT7I42D7D63,Administrative,[],WsFolder,,,,,,,,
IEAEINT7I42D7EHM,Administrative,[],RbFolder,,,,,,,,
IEAEINT7I4UVOQFI,Balcony Screen System,[],WsFolder,,KUAJVUPW,['KUAJVUPW'],IEAEINT7JMCA5FKR,2021-05-20T17:14:14Z,,2021-12-06T03:50:16Z,
IEAEINT7I45DWBOW,J341 - (ADM) FEA - Liebherr A914,[],WsFolder,,,,,,,,
IEAEINT7I4W35OVH,Week 40,[],RbFolder,,,,,,,,
IEAEINT7I4W35OYA,Week 40,[],WsFolder,,,,,,,,
IEAEINT7I4XAD5PX,Week 41,[],WsFolder,,,,,,,,
IEAEINT7I44EP3N5,J330 - (ADM) Backing Plate Rack,[],WsFolder,,,,,,,,
IEAEINT7I4YGBFHP,Y21W51,[],WsFolder,,,,,,,,
IEAEINT7I42NBPQX,J303 - (ADM) Structural integrity defects proactive mitigation study,[],WsFolder,,,,,,,,
IEAEINT7I4XAWDE6,Week 34,[],WsFolder,,,,,,,,
IEAEINT7I4VJWMYF,J237 - ROM Bin Inspection,['IEAEINT7I4VJWNFC'],WsFolder,,KUALR2UV,"['KUADNVMK', 'KUALR2UV']",IEAEINT7JMCLXA5J,2021-06-30T15:59:12Z,2021-07-16,2021-11-04T08:19:41Z,2021-07-05
IEAEINT7I4YOPSTE,Y21W52,[],WsFolder,,,,,,,,
IEAEINT7I4YTDVFQ,J225 - Forklift Bulk Bag Lifting Frame,[],WsFolder,,KUAJVUPW,['KUAJVUPW'],IEAEINT7JMCLXA5J,2022-01-12T14:06:12Z,,2022-01-12T14:06:17Z,
IEAEINT7I42FS65R,Administrative,[],WsFolder,,,,,,,,
IEAEINT7I4YOPSYO,Y22W01,[],WsFolder,,,,,,,,
IEAEINT7I4ZGD3K6,Y22W08,[],WsFolder,,,,,,,,
IEAEINT7I4XJ4TPP,Week 42,[],WsFolder,,,,,,,,
IEAEINT7I4YBLEVZ,J257 - Vent Line Repair,[],WsFolder,,KUAJV4AW,[],IEAEINT7JMCLXA5J,2021-12-06T15:39:03Z,,2021-12-10T06:45:30Z,
IEAEINT7I4XMRKFI,Week 44,[],WsFolder,,,,,,,,
IEAEINT7I45DWB2W,00. Pre work,[],RbFolder,,,,,,,,
IEAEINT7I4XYLDFV,Research & Development (RD),"['IEAEINT7I4XZJBLW', 'IEAEINT7I4ZAF4YH', 'IEAEINT7I4ZLXFSR', 'IEAEINT7I4XJI2K7', 'IEAEINT7I4XVP2N2', 'IEAEINT7I4ZLXIBU', 'IEAEINT7I4YFULIK', 'IEAEINT7I4Z7Z5VO', 'IEAEINT7I426SB72', 'IEAEINT7I4ZENWQ6', 'IEAEINT7I4ZLXIGC', 'IEAEINT7I4WLBI5M', 'IEAEINT7I4ZLXHTF', 'IEAEINT7I4XWJLY3']",WsFolder,,,,,,,,
IEAEINT7I4XY6PNL,J255 - Grizzly modification,['IEAEINT7I4Y4UOC2'],WsFolder,,KUAJVUPW,['KUAJVUPW'],IEAEINT7JMCLXA5J,2021-11-23T15:34:11Z,2022-02-11,2022-02-16T14:23:03Z,2021-11-30
IEAEINT7I462D7UH,8. Marketing,[],RbFolder,,,,,,,,
IEAEINT7I47TG5KF,G005 - J362 Mine Client Lineup Personalized Brochures,[],WsFolder,,KUAOEGVX,[],IEAEINT7JMAAAAAB,2023-02-16T17:34:44Z,,2023-04-24T09:51:32Z,
IEAEINT7I4XYLLAQ,Structural Health Monitoring (SHM),"['IEAEINT7I4VOIQ4E', 'IEAEINT7I4UQG7UV', 'IEAEINT7I4ZLXFIQ']",WsFolder,,,,,,,,
IEAEINT7I4XYKXW4,Maintenance & Engineering Governance (MEG),['IEAEINT7I4ZLXIVO'],WsFolder,,,,,,,,
IEAEINT7I4XYK4PM,Structural & Mechanical Design (SMD),"['IEAEINT7I4ZLXGZK', 'IEAEINT7I4XY6PVO', 'IEAEINT7I4XY6PFN', 'IEAEINT7I4XY6PNL', 'IEAEINT7I4ZLXA5O', 'IEAEINT7I4XMW636', 'IEAEINT7I43FJ5UB', 'IEAEINT7I4YEJU4B', 'IEAEINT7I4VTPMBI', 'IEAEINT7I4YFFUG5']",WsFolder,,,,,,,,
IEAEINT7I4XYLRJY,Asset Life Extension (ALE),['IEAEINT7I4XZJB7D'],WsFolder,,,,,,,,
IEAEINT7I4XYLQN2,Structural & Mechanical Statutory Inspection (SMI),"['IEAEINT7I4YV4ID4', 'IEAEINT7I4ZLXILT', 'IEAEINT7I4YFFUEZ', 'IEAEINT7I4XZJBPE', 'IEAEINT7I43NJIJG', 'IEAEINT7I42VT6GL', 'IEAEINT7I4U5RIKM', 'IEAEINT7I43RY7HL', 'IEAEINT7I43J656G', 'IEAEINT7I4YFFD5I', 'IEAEINT7I42K3WSW', 'IEAEINT7I43ES5NU', 'IEAEINT7I4VJWMYF']",WsFolder,,,,,,,,
IEAEINT7I4XYLTZI,Asset Design Compliance (ADC),"['IEAEINT7I42QAV3A', 'IEAEINT7I4ZZP74X', 'IEAEINT7I4YUAMRE', 'IEAEINT7I425UBA5', 'IEAEINT7I43XMCO7', 'IEAEINT7I4YFFXK6', 'IEAEINT7I425AE35', 'IEAEINT7I4Z62CJA', 'IEAEINT7I42PJVI2', 'IEAEINT7I4XW2MHC', 'IEAEINT7I4YRKNWH', 'IEAEINT7I43ENXGS', 'IEAEINT7I4XZI7DB', 'IEAEINT7I4YFFUJL', 'IEAEINT7I42TTKIH']",WsFolder,,,,,,,,
IEAEINT7I4XZI7AH,Closed projects,[],RbFolder,,KUAJVUPW,['KUAJVUPW'],IEAEINT7JMAAAAAA,2021-11-24T01:46:55Z,,,
IEAEINT7I4XZI7DB,Closed projects,"['IEAEINT7I4VDAS2A', 'IEAEINT7I4VDAA6R', 'IEAEINT7I4UWFYJA', 'IEAEINT7I4UPZ3PJ', 'IEAEINT7I4VYJ5WT', 'IEAEINT7I4XFJ3S4', 'IEAEINT7I4WNTJSA', 'IEAEINT7I4WPV7VD', 'IEAEINT7I4WNTOGQ', 'IEAEINT7I4XFJ5G7', 'IEAEINT7I4YBLEVZ', 'IEAEINT7I4WEEBC5']",WsFolder,,,,,,,,
IEAEINT7I44AHRCT,Y22W31,[],WsFolder,,,,,,,,
IEAEINT7I4XZJBLW,Closed projects,"['IEAEINT7I4UAYJWF', 'IEAEINT7I4U5Z3TD']",WsFolder,,,,,,,,
IEAEINT7I4XZJBPE,Closed projects,[],WsFolder,,,,,,,,
IEAEINT7I4XZJB7D,Closed projects,['IEAEINT7I4VCXA5F'],WsFolder,,,,,,,,
IEAEINT7I4U6AXE6,28 - BLD061 - Building Pump House NP Admin TK06 BLD061,[],WsFolder,,,,,,,,
IEAEINT7I4UOEF42,Review and Approval,[],RbFolder,,KUALR2UV,[],IEAEINT7JMAAAAAA,2021-05-05T21:09:49Z,,,
IEAEINT7I4VYGHWH,01 - Basic Design,[],RbFolder,,,,,,,,
IEAEINT7I4VT6QKX,03 - Modelling,[],RbFolder,,,,,,,,
IEAEINT7I4U6AV6X,21 - SR818 - Switchroom CD4 SUBPS6 415V SR818,[],WsFolder,,,,,,,,
IEAEINT7I4U6AWOR,24 - SR811 - Switchroom LRP2 Sub 6.6kV SR811,[],WsFolder,,,,,,,,
IEAEINT7I4U5Z34F,01 - Electronical Design,[],RbFolder,,,,,,,,
IEAEINT7I4U5Z324,02 - Mechanical Design,[],RbFolder,,,,,,,,
IEAEINT7I4X22YPV,Week 47,[],WsFolder,,,,,,,,
IEAEINT7I4VQ7QJ7,Mechanical Analysis,[],RbFolder,,,,,,,,
IEAEINT7I4VQ7QLK,Procedureas,[],RbFolder,,,,,,,,
IEAEINT7I4X5A3OE,Y21W48,[],WsFolder,,,,,,,,
IEAEINT7I4VJWNFC,01 - Inspection Preparation,[],WsFolder,,,,,,,,
IEAEINT7I4U6AKRW,06 - SR810 - Switchroom TS704 Sub 6.6kV SR810,[],WsFolder,,,,,,,,
IEAEINT7I4U6ALXS,11 - BLD505 - Building Store Room MSF BLD505,[],WsFolder,,,,,,,,
IEAEINT7I4U6AL6O,12 - BLD503 - Building Com Room MSF BLD503,[],WsFolder,,,,,,,,
IEAEINT7I4U6AWJK,23 - BLD065 - Building Rail Administration BLD065,[],WsFolder,,,,,,,,
IEAEINT7I4VQ7PTV,Test,[],RbFolder,,,,,,,,
IEAEINT7I4VT6M76,02 - Load Estimation,[],RbFolder,,,,,,,,
IEAEINT7I4U5RU7T,01 - BLD220 - Building Lube Facility Amen BLD220,[],WsFolder,,,,,,,,
IEAEINT7I4UOEEFF,Project Preparation,[],RbFolder,,,,,,,,
IEAEINT7I4U5R2QM,02 - SR806 - Switchroom East Yard Svce 415V SR806,[],WsFolder,,,,,,,,
IEAEINT7I4U5R22S,03 - BLD232 - Building FI Major Projects Admin BLD232,[],WsFolder,,,,,,,,
IEAEINT7I4U5R3LR,04 - SR808 - Switchroom Wharf 6.6kV SR808,[],WsFolder,,,,,,,,
IEAEINT7I4X5A5FV,Y21W49,[],RbFolder,,KUAJVUPW,['KUAJVUPW'],IEAEINT7JMAAAAAA,2021-11-29T19:27:37Z,,,
IEAEINT7I4XV5YL3,Week 46,[],WsFolder,,KUAJVUPW,[],IEAEINT7JMCA5FJ2,2021-11-17T14:57:14Z,,,
IEAEINT7I4UAB46T,Commercial Proposals,"['IEAEINT7I4UAYJWF', 'IEAEINT7I4UAYROG', 'IEAEINT7I4UQOJUL', 'IEAEINT7I4UWF4GO', 'IEAEINT7I4UVOQFI']",WsFolder,,,,,,,,
IEAEINT7I4X5CMPY,Meeting Minutes,[],WsFolder,,,,,,,,
IEAEINT7I4UOEEYU,Project Development,[],RbFolder,,,,,,,,
IEAEINT7I4UWF4GO,Inspection Training,[],WsFolder,,KUALR2UV,"['KUADNVMK', 'KUALR2UV']",IEAEINT7JMCA5FJ3,2021-05-21T20:41:50Z,2021-06-30,2021-12-06T22:57:39Z,2021-05-24
IEAEINT7I4VDABTO,Mechanical Certification,[],RbFolder,,,,,,,,
IEAEINT7I4VT6XJC,06 - Connection Design,[],RbFolder,,,,,,,,
IEAEINT7I4VDABRY,Structural Certification,[],RbFolder,,,,,,,,
IEAEINT7I4VQ7QKW,Railroad Equipment,[],RbFolder,,,,,,,,
IEAEINT7I4VQ7QEZ,Tags,"['IEAEINT7I4VQ7QJ7', 'IEAEINT7I4VQ7QLK', 'IEAEINT7I4VQ7QKW', 'IEAEINT7I4VQ7QGC', 'IEAEINT7I4VQ7QLR']",RbFolder,,,,,,,,
IEAEINT7I4VQ7QLR,Inspections,[],RbFolder,,,,,,,,
IEAEINT7I4VQ7QGC,Structural Analysis,[],RbFolder,,,,,,,,
IEAEINT7I4U6ALJM,09 - SR809 - Switchroom Wharf Svce 415V SR809,[],WsFolder,,,,,,,,
IEAEINT7I4U6AVQS,18 - STH YARD PREP - Building South Yard Prep,[],WsFolder,,,,,,,,
IEAEINT7I4U6AVKI,17 - WKSP001 - Building Operations Workshop WKSP001,[],WsFolder,,,,,,,,
IEAEINT7I4U6AV3J,20 - SR814 - Switchroom CD4 6.6kV SR814,[],WsFolder,,,,,,,,
IEAEINT7I4U6ALCL,08 - SR824 - Switchroom Reclaim 6.6kV SR824,[],WsFolder,,,,,,,,
IEAEINT7I4U6ALQF,10 - SR816 - Switchroom G&H Berth 6.6kV SR816,[],WsFolder,,,,,,,,
IEAEINT7I4U6AXIJ,29 - BLD039 - Building OCRS Small Shed BLD039,[],WsFolder,,,,,,,,
IEAEINT7I4U5Z663,05 - SR807 - Switchroom East Yard 6.6kV SR807,[],WsFolder,,,,,,,,
IEAEINT7I4U6AMLX,15 - SR819 - Switchroom TS897 Sub 6.6kV SR819,[],WsFolder,,,,,,,,
IEAEINT7I4U6AMSK,16 - SR812 - Switchroom Overland 6.6kV SR812,[],WsFolder,,,,,,,,
IEAEINT7I4VT6XDH,05 - Results Analysis,[],RbFolder,,,,,,,,
IEAEINT7I4U6AVYP,19 - FUELLING FACILITY NP MAINDEPOT - Fuelling Facility NP Main Depot,[],WsFolder,,,,,,,,
IEAEINT7I4U6AWTJ,25 - SR821 - Switchroom VVVF Drive Sttn 415V SR821,[],WsFolder,,,,,,,,
IEAEINT7I4U6AW6H,27 - BG003 - Building Sewage WWTP3 BG003,[],WsFolder,,,,,,,,
IEAEINT7I4U6AWDK,22 - SR820 - Switchroom CD5 415V SR820,[],WsFolder,,,,,,,,
IEAEINT7I4U6AWYL,26 - SR822 - Switchroom TS910 6.6kV SR822,[],WsFolder,,,,,,,,
IEAEINT7I4VT6WZ4,04 - Global Simulation,[],RbFolder,,,,,,,,
IEAEINT7I4UKG6GG,J227 - AngloAmerican Borehole Pump,[],RbFolder,,KUALR2UV,"['KUADNVMK', 'KUALR2UV']",IEAEINT7JMAAAAAA,2021-04-28T13:49:39Z,2021-05-14,,2021-05-03
IEAEINT7I4UOEFFP,Scope of Work Definition,[],RbFolder,,,,,,,,
IEAEINT7I4UOEGIF,Review and Approval,[],RbFolder,,,,,,,,
IEAEINT7I4UC6O5J,J228 - Rail Clips Guarding,[],WsFolder,,KUADNVMK,"['KUADNVMK', 'KUAMFM6W']",IEAEINT7JMCLXA5J,2021-04-14T06:14:26Z,,2021-06-18T00:50:54Z,
IEAEINT7I4VCS3XQ,Team Minutes,"['IEAEINT7I4VCVSSK', 'IEAEINT7I4XMRKFI', 'IEAEINT7I4VE5GVM', 'IEAEINT7I4V6364P', 'IEAEINT7I4V3SFU5', 'IEAEINT7I4WB3TLY', 'IEAEINT7I4XV5YL3', 'IEAEINT7I4WNGNLV', 'IEAEINT7I4VQBDNH', 'IEAEINT7I4VXL3RZ', 'IEAEINT7I4VMBCOM', 'IEAEINT7I4WX7JPS', 'IEAEINT7I4WX7JNO', 'IEAEINT7I4XJ4TPP', 'IEAEINT7I4XAWNBZ', 'IEAEINT7I4XAWDE6', 'IEAEINT7I4XAD5PX', 'IEAEINT7I4VIQBGQ', 'IEAEINT7I4X22YPV', 'IEAEINT7I4WSAKI2', 'IEAEINT7I4W35OYA']",WsFolder,,KUAJVUPW,"['KUAJVUPW', 'KUADNVMK', 'KUALR2UV']",IEAEINT7JMCA5FJ2,2021-06-16T17:19:13Z,,,
IEAEINT7I4XW2MHC,J251 - Pressure Vessels,['IEAEINT7I4ZGHR7F'],WsFolder,,KUAJVUPW,['KUAJV4AW'],IEAEINT7JMCLXA5J,2021-11-18T18:21:42Z,2022-03-25,2022-05-05T06:54:16Z,2021-11-19
IEAEINT7I43NJJKK,01. Field Inspection,[],RbFolder,,,,,,,,
IEAEINT7I42FS7BU,Administrative,[],WsFolder,,,,,,,,
IEAEINT7I42FS7DZ,Administrative,[],WsFolder,,,,,,,,
IEAEINT7I4ZZZ2F7,Y22W13,[],WsFolder,,,,,,,,
IEAEINT7I4YB7KUZ,Y21W50,[],WsFolder,,,,,,,,
IEAEINT7I4YB7XEX,P103 - Process Evolution Cert,[],RbFolder,,KUAJVUPW,"['KUAJVUPW', 'KUAJV4AW']",IEAEINT7JMCLXBAC,2021-12-07T15:01:28Z,,,
IEAEINT7I4YCDR5X,J263 - Selma Jetty Structural Inspection,[],RbFolder,,KUAJVUPW,['KUAJVUPW'],IEAEINT7JMCLXBAM,2021-12-07T17:33:34Z,2021-12-17,,2021-12-09
IEAEINT7I4YEJUSX,P104 - Hitachi ZX135US-5B 4WD,[],RbFolder,,KUADNVMK,"['KUAJVUPW', 'KUAJV4AW']",IEAEINT7JMCLXA7E,2021-12-11T08:06:12Z,,,
IEAEINT7I4YGE2M7,07 - Update Design,[],RbFolder,,,,,,,,
IEAEINT7I4YG6OVF,Expenses,[],WsFolder,,,,,,,,
IEAEINT7I425UBHN,J310 - (ADM) Adaptor Brackets Certification,[],WsFolder,,,,,,,,
IEAEINT7I426SCDS,J311 - (ADM) CAPEX-OPEX Monthly Report,[],WsFolder,,,,,,,,
IEAEINT7I4YTDT3P,J231* - Pipe Clamp Reinforcement,[],WsFolder,,KUAJVUPW,['KUAJVUPW'],IEAEINT7JMCLXA5J,2022-01-12T14:03:49Z,,2022-01-12T14:03:58Z,
IEAEINT7I4YXJBVE,Birthdays,[],WsFolder,,KUAJVUPW,['KUAJVUPW'],IEAEINT7JMAAAAAA,2022-01-19T22:46:55Z,,,
IEAEINT7I4ZJMKZA,Y22W09,[],WsFolder,,,,,,,,
IEAEINT7I4YPTMXR,30 - BLD600 - MOCRS,[],WsFolder,,,,,,,,
IEAEINT7I4YQGEIQ,Development,[],RbFolder,,,,,,,,
IEAEINT7I4YQ4JSY,Y22W02,[],WsFolder,,,,,,,,
IEAEINT7I4YQGKMM,Development,[],RbFolder,,,,,,,,
IEAEINT7I4YQGEG6,Administrative,[],WsFolder,,,,,,,,
IEAEINT7I4YQGGO2,Development,[],RbFolder,,,,,,,,
IEAEINT7I4YQGGNJ,Administrative,[],WsFolder,,,,,,,,
IEAEINT7I4YQGJ4I,Development,[],RbFolder,,,,,,,,
IEAEINT7I43RY7J6,J320 - (ADM) Stress Measurement of Car Dumper Cell,[],WsFolder,,,,,,,,
IEAEINT7I43RY7KY,J318 - (ADM) Creation of blueprint for coal handling and processing infrastructure,[],WsFolder,,,,,,,,
IEAEINT7I4YQHNZ3,Development,[],RbFolder,,,,,,,,
IEAEINT7I4YQHNW2,Administrative,[],WsFolder,,,,,,,,
IEAEINT7I43RY7KN,J319 - (ADM) SHMS for the coal handling and processing infrastructure,[],WsFolder,,,,,,,,
IEAEINT7I46LVDTU,J355 - (ADM) Kestrel Bore Hole Pump Application,[],WsFolder,,,,,,,,
IEAEINT7I43RY7OH,J322 - (ADM) SHMS for coal handling tunnel,[],WsFolder,,,,,,,,
IEAEINT7I45Z32WD,Y22W45,[],WsFolder,,,,,,,,
IEAEINT7I4YU4TP2,Y22W03,[],WsFolder,,,,,,,,
IEAEINT7I4YSU3QZ,Administrative,[],RbFolder,,,,,,,,
IEAEINT7I4ZFLYRL,Y22W07,[],WsFolder,,,,,,,,
IEAEINT7I4VT67YQ,08 - Reporting,[],RbFolder,,,,,,,,
IEAEINT7I4YUXWUL,Development,[],RbFolder,,,,,,,,
IEAEINT7I4YSFACU,Financial estimates,[],WsFolder,,,,,,,,
IEAEINT7I4U5Z345,03 - Integration,[],RbFolder,,,,,,,,
IEAEINT7I4Y4UJQ7,J241 - (ADM) Visy Recycling-MRF Upgrade,[],WsFolder,,,,,,,,
IEAEINT7I4YEJU4B,J264 - Cable Drum Stands Design,['IEAEINT7I4YQHNW2'],WsFolder,,KUADNVMK,"['KUAJVUPW', 'KUAJV4AW', 'KUADNVMK']",IEAEINT7JMCLXA5J,2021-12-11T08:15:34Z,2022-02-21,2022-02-23T14:03:57Z,2022-01-24
IEAEINT7I4ZZD47J,AIMS Framework Development,[],WsFolder,,KUALNZH6,['KUALNZH6'],IEAEINT7JMAAAAAA,2022-03-22T02:48:31Z,2022-04-30,,2022-03-21
IEAEINT7I4Y7CDOR,Administrative,[],WsFolder,,,,,,,,
IEAEINT7I46KKL37,J350 - (ADM) FEA of a Hitachi ZX65 Hi rail machine,[],WsFolder,,,,,,,,
IEAEINT7I46ADX4W,J345 - (ADM) Spark Tender - Temporary Utility Brackets,[],WsFolder,,,,,,,,
IEAEINT7I4YXJBQS,Company Holidays,[],WsFolder,,KUAJVUPW,['KUAJVUPW'],IEAEINT7JMAAAAAA,2022-01-19T22:46:40Z,,,
IEAEINT7I4YXTEOA,Calendars,"['IEAEINT7I4YXJBVE', 'IEAEINT7I4YXJBQS', 'IEAEINT7I4YXJDEK']",WsFolder,,,,,,,,
IEAEINT7I4Y4UORQ,Administrative,[],WsFolder,,,,,,,,
IEAEINT7I4YQGJMB,Development,[],RbFolder,,,,,,,,
IEAEINT7I4YYUBOB,Nicolas Yaya,[],WsFolder,,,,,,,,
IEAEINT7I4YYUBNC,Leonardo Blanco,[],WsFolder,,,,,,,,
IEAEINT7I4YYUBL7,Alejandro Duarte,[],WsFolder,,,,,,,,
IEAEINT7I4Y4UWLB,J272 - (ADM) 2021 Structural Statutory Inspection,[],WsFolder,,,,,,,,
IEAEINT7I4YXGYXO,Y22W04,[],WsFolder,,,,,,,,
IEAEINT7I4YZODKH,Y22W05,[],WsFolder,,,,,,,,
IEAEINT7I42KMAPV,J301 - (ADM) Mooka Staging Facility Inspection,[],WsFolder,,,,,,,,
IEAEINT7I4Y3EFKB,Administrative,[],WsFolder,,,,,,,,
IEAEINT7I4Y5R6FQ,Y22W06,[],WsFolder,,,,,,,,
IEAEINT7I4Y5S7YM,Workload,[],WsFolder,,,,,,,,
IEAEINT7I4ZGHR7F,Administrative,[],WsFolder,,,,,,,,
IEAEINT7I4YQGKKP,Administrative,[],WsFolder,,,,,,,,
IEAEINT7I4Y4UOY3,Administrative,[],WsFolder,,,,,,,,
IEAEINT7I4Y4UNI3,Administrative,[],WsFolder,,,,,,,,
IEAEINT7I4Y5VPXW,J273 - Rail Clip Guarding Machine,['IEAEINT7I4Y5VP4B'],WsFolder,,KUAJVUPW,['KUAJVUPW'],IEAEINT7JMCLXA5J,2022-01-31T16:46:58Z,,2022-02-09T23:41:47Z,
IEAEINT7I4Y4UOC2,Administrative,['IEAEINT7I4YG6OVF'],WsFolder,,,,,,,,
IEAEINT7I4UOOSN4,J208 - Rigging Points certification - W Hotel,[],WsFolder,,KUALR2UV,"['KUAJV4AW', 'KUALR2UV']",IEAEINT7JMCLXA5J,2021-05-06T12:55:24Z,2021-05-06,2021-06-16T19:43:23Z,2021-05-06
IEAEINT7I4ZDIHXQ,Administrative,[],WsFolder,,,,,,,,
IEAEINT7I4ZDITXZ,Administrative,[],WsFolder,,,,,,,,
IEAEINT7I4ZDIMJM,Administrative,[],WsFolder,,,,,,,,
IEAEINT7I4ZDIPJS,Adminisrative,[],WsFolder,,,,,,,,
IEAEINT7I4ZDIM2Y,01. Inspection Report,[],RbFolder,,,,,,,,
IEAEINT7I4ZDINZS,Administrative,[],WsFolder,,,,,,,,
IEAEINT7I4ZDISJT,01. Field Inspection,[],RbFolder,,,,,,,,
IEAEINT7I4ZDISOC,02. Report,[],RbFolder,,,,,,,,
IEAEINT7I4YTEA7W,J217 - Timber Shed,['IEAEINT7I42K2TQC'],WsFolder,,KUAJVUPW,['KUAJVUPW'],IEAEINT7JMCLXBBD,2022-01-12T14:10:11Z,,2022-01-12T14:10:37Z,
IEAEINT7I4XJI2K7,J250 - Monorail Investigation,[],WsFolder,,KUAJVUPW,['KUAJVUPW'],IEAEINT7JMCLXA5J,2021-10-28T15:07:13Z,2021-10-12,2021-11-29T20:14:51Z,2021-10-27
IEAEINT7I4VQ7ORW,J240 - Shore Trench,[],WsFolder,,KUALR2UV,"['KUADNVMK', 'KUALR2UV']",IEAEINT7JMCLXA5J,2021-07-14T06:14:31Z,2021-07-23,2021-07-28T07:06:14Z,2021-07-19
IEAEINT7I4UAYLBM,J229 - Sojitz - TLO Carrier Frame,[],WsFolder,,KUADNVMK,['KUADNVMK'],IEAEINT7JMCLXA5J,2021-04-09T07:48:49Z,2021-04-12,2021-06-18T00:49:19Z,2021-04-12
IEAEINT7I4UPZ3PJ,J230 - Hitachi ZX75,[],WsFolder,,KUALR2UV,['KUALR2UV'],IEAEINT7JMCLXA5J,2021-05-10T08:45:50Z,2021-05-14,2021-06-16T19:41:41Z,2021-05-10
IEAEINT7I4VDAA6R,J235 - UoM - Theatre Lift,[],WsFolder,,KUALR2UV,['KUALR2UV'],IEAEINT7JMCLXA5J,2021-06-17T10:33:22Z,2021-06-28,2021-06-30T16:09:58Z,2021-06-22
IEAEINT7I4UAYJWF,J227 - AngloAmerican Borehole Pump,[],WsFolder,,KUADNVMK,"['KUAJVUPW', 'KUAJV4AW']",IEAEINT7JMCLXA5J,2021-04-09T07:43:04Z,2021-04-13,2021-11-29T20:13:08Z,2021-04-09
IEAEINT7I4WNTJSA,J245 - Skid Frame,[],WsFolder,,KUAJVUPW,"['KUAJVUPW', 'KUAJV4AW']",IEAEINT7JMCLXA5J,2021-09-07T15:41:21Z,2021-09-09,2021-09-15T22:14:11Z,2021-09-07
IEAEINT7I4WPV7VD,J247 - Nepean Skid,[],WsFolder,,KUAJVUPW,"['KUAJVUPW', 'KUAJV4AW', 'KUADNVMK']",IEAEINT7JMCLXA5J,2021-09-10T15:05:02Z,,2021-09-15T22:14:19Z,
IEAEINT7I4YFFXK6,J259 - Filling System Frame,[],WsFolder,,KUAJVUPW,['KUAJVUPW'],IEAEINT7JMCLXA5J,2021-12-12T01:55:22Z,2022-01-21,2022-02-01T16:23:55Z,2022-01-17
IEAEINT7I4YNBRID,J265 - BHP 5Y Sfty Insp SIM CVI Fuel Fac FUELNP004,['IEAEINT7I4ZDITXZ'],WsFolder,,KUADNVMK,"['KUAJVUPW', 'KUAJV4AW']",IEAEINT7JMCLXBBD,2021-12-30T09:25:40Z,2022-04-29,2022-04-29T20:28:42Z,2022-04-12
IEAEINT7I4Z2JT2M,J292 - Transformer Tow Hitch,['IEAEINT7I4Z3DAS2'],WsFolder,,KUAJVUPW,['KUAJV4AW'],IEAEINT7JMCLXA5J,2022-03-23T15:40:58Z,,2022-06-16T05:03:25Z,
IEAEINT7I42MJRK7,J300 - BHP 5Y Sfty Insp CVI,['IEAEINT7I42MJR2I'],WsFolder,,KUAJVUPW,"['KUADNVMK', 'KUANU3JP']",IEAEINT7JMCLXA5J,2022-04-22T16:21:30Z,2022-07-29,2022-08-10T01:23:28Z,2022-04-22
IEAEINT7I42KL3OH,J301 - Mooka Staging Facility Inspection,['IEAEINT7I42KMAPV'],WsFolder,,KUAJV4AW,"['KUAJVURM', 'KUANU3JP']",IEAEINT7JMCLXA5J,2022-04-19T22:22:39Z,2022-08-03,2022-08-03T15:55:51Z,
IEAEINT7I42KMKT3,Y22W16,[],WsFolder,,,,,,,,
IEAEINT7I4ZLZKSO,J277 - (ADM) Rail Cleaning Device,[],WsFolder,,,,,,,,
IEAEINT7I4ZLZQDP,J283 - (ADM) Next generation Continuous Miner,[],WsFolder,,,,,,,,
IEAEINT7I4ZLZPTL,Administrative,[],WsFolder,,,,,,,,
IEAEINT7I4ZLZPNJ,J278 - (ADM) Berth Girder SHM,[],WsFolder,,,,,,,,
IEAEINT7I4ZLZPV3,Administrative,[],WsFolder,,,,,,,,
IEAEINT7I4WNTOGQ,J246 - Komatsu PW148-8,[],WsFolder,,KUAJVUPW,"['KUAJVUPW', 'KUAJVURM']",IEAEINT7JMCLXA5J,2021-09-07T15:47:45Z,2021-09-13,2021-11-29T20:14:35Z,2021-09-07
IEAEINT7I44ML5VD,J332 - (ADM) Meteorological Tower Inspection,[],WsFolder,,,,,,,,
IEAEINT7I4ZNMODL,J286 - (ADM) Conveyors and Transfer Structures Proposal,[],WsFolder,,,,,,,,
IEAEINT7I4ZNMOIW,J287 - (ADM) Nelson Point Structural Health Monitoring Trial,[],WsFolder,,,,,,,,
IEAEINT7I4YFULIK,J260 - Noti Automation,['IEAEINT7I4Y3EFKB'],WsFolder,,KUAJVUPW,['KUAJVUPW'],IEAEINT7JMCLXA5J,2021-12-13T16:11:47Z,2022-01-28,2022-01-31T19:46:34Z,2021-12-16
IEAEINT7I42FS7AQ,Administrative,[],WsFolder,,,,,,,,
IEAEINT7I44U6EU4,J336 - (ADM) SHM for bhp's mining and port operations,[],WsFolder,,,,,,,,
IEAEINT7I4ZSYUEU,858542228: Work request,[],RbFolder,,KUAKQGKM,['KUAJVUPW'],IEAEINT7JMCLXA5I,2022-03-09T20:31:58Z,,,
IEAEINT7I4ZSZKBY,Y22W11,[],WsFolder,,,,,,,,
IEAEINT7I4ZNETCZ,Y22W10,[],WsFolder,,,,,,,,
IEAEINT7I425AFBV,J309 - (ADM) Premron Bolts,[],WsFolder,,,,,,,,
IEAEINT7I5CFJNWR,Q389 - Load and Unload Shuttles and Frames FEA,[],RbFolder,,KUAJVUPW,['KUAJVUPW'],IEAEINT7JMCLXA5I,2023-06-21T16:34:48Z,,,
IEAEINT7I4ZVH3LQ,Y22W12,[],WsFolder,,,,,,,,
IEAEINT7I4Z3DAS2,Administrative,[],WsFolder,,,,,,,,
IEAEINT7I42QAWCL,J306 - (ADM) Incinerator Recovery Conveyor,[],WsFolder,,,,,,,,
IEAEINT7I42KMKXC,Y22W17,[],WsFolder,,,,,,,,
IEAEINT7I44LN5TS,Y22W34,[],WsFolder,,,,,,,,
IEAEINT7I43ENXGS,J313 - Hy Performance Valves FEA,['IEAEINT7I43ESRUA'],WsFolder,,KUAJVUPW,"['KUAMBT5J', 'KUALNZH6']",IEAEINT7JMCLXA5J,2022-06-07T16:31:34Z,2022-11-02,2022-10-02T20:19:44Z,2022-06-20
IEAEINT7I4Z7N2H2,Administrative,[],WsFolder,,,,,,,,
IEAEINT7I4Z7N2PB,Administrative,[],WsFolder,,,,,,,,
IEAEINT7I42PJVI2,J305 - Conveyor Bootend FEA,['IEAEINT7I42PJX5X'],WsFolder,,KUAJVUPW,['KUAJV4AW'],IEAEINT7JMCLXBBD,2022-04-28T15:00:55Z,,2022-05-23T21:14:06Z,
IEAEINT7I42BFM2G,Y22W15,[],WsFolder,,,,,,,,
IEAEINT7I42TTKMN,J307 - (ADM) Beak Aluminium Alloy Substitution,[],WsFolder,,,,,,,,
IEAEINT7I44MGXWQ,J333 - BLD065 Inspection,['IEAEINT7I44MG5FS'],WsFolder,,KUAJVUPW,['KUAJV4AW'],IEAEINT7JMCLXA5J,2022-08-23T15:44:53Z,2022-10-21,2022-11-09T04:30:51Z,
IEAEINT7I42FS66T,Administrative,[],WsFolder,,,,,,,,
IEAEINT7I42FS7AA,Administrative,[],WsFolder,,,,,,,,
IEAEINT7I4XWJLY3,J254 - OKA Cartridge,['IEAEINT7I4Y4UNI3'],WsFolder,,KUAJV4AW,['KUAJV4AW'],IEAEINT7JMCLXBBD,2021-11-17T22:52:26Z,,2022-04-11T23:21:35Z,
IEAEINT7I42HTLBH,J300 - 5Y Sfty Insp CVI Bldg Large BLD064 *SA*,['IEAEINT7I42HTMPD'],WsFolder,,KUAJVUPW,['KUAJVUPW'],IEAEINT7JMCLXBAC,2022-04-14T20:38:11Z,,,
IEAEINT7I42HTMPD,Administrative,[],WsFolder,,,,,,,,
IEAEINT7I4YTEAUJ,J218 - PMI & WIN Development,[],WsFolder,,KUAJVUPW,['KUAJVUPW'],IEAEINT7JMCLXA5J,2022-01-12T14:09:40Z,,2022-04-04T15:48:39Z,
IEAEINT7I42K3EH6,Administrative,[],WsFolder,,,,,,,,
IEAEINT7I42K3YER,Administrative,[],WsFolder,,,,,,,,
IEAEINT7I42PJX5X,J305 - (ADM) Conveyor Bootend FEA,[],WsFolder,,,,,,,,
IEAEINT7I42N2MYO,Y22W18,[],WsFolder,,,,,,,,
IEAEINT7I42FS37K,J301 - 5Y Sfty Insp SIM CVI MSF Meeting BLD501,['IEAEINT7I42FS7AA'],WsFolder,,KUAJVUPW,['KUAMBT5J'],IEAEINT7JMCLXA5J,2022-04-11T22:46:52Z,,2022-06-08T05:04:57Z,
IEAEINT7I4WLBI5M,J244 - Vehicle Braking Application,['IEAEINT7I43O4ZU4'],WsFolder,,KUAJVUPW,['KUAJVUPW'],IEAEINT7JMCLXA5J,2021-09-02T15:49:27Z,2021-10-21,2022-06-29T19:20:00Z,2021-09-01
IEAEINT7I42FS4CS,J301 - 5Y Sfty Insp SIM CVI MSF Office BLD500,['IEAEINT7I42FS66T'],WsFolder,,KUAJVUPW,['KUAMBT5J'],IEAEINT7JMCLXBAM,2022-04-11T22:47:02Z,,,
IEAEINT7I42FS355,J301 - 5Y Sfty Insp SIM CVI MSF First Aid BLD502,['IEAEINT7I42FS7AQ'],WsFolder,,KUAJVUPW,['KUAMBT5J'],IEAEINT7JMCLXBAM,2022-04-11T22:46:39Z,,,
IEAEINT7I42FS4F2,J301 - 5Y Sfty Insp SIM CVI Ablution BLD504,['IEAEINT7I42FS7DZ'],WsFolder,,KUAJVUPW,['KUAMBT5J'],IEAEINT7JMCLXBAM,2022-04-11T22:47:12Z,,,
IEAEINT7I42FS4JB,J301 - 5Y Sfty Insp SIM CVI MSF Comms BLD503,['IEAEINT7I42FS7BU'],WsFolder,,KUAJVUPW,['KUAMBT5J'],IEAEINT7JMCLXBAM,2022-04-11T22:47:32Z,,,
IEAEINT7I42QIH2W,J265 - (ADM) BHP 5Y Sfty Insp SIM CVI Fuel Fac,[],WsFolder,,,,,,,,
IEAEINT7I42QIKFZ,01. Field Inspection,[],RbFolder,,,,,,,,
IEAEINT7I4YQGGTC,J263 - (ADM) Hitachi ZX135US-5B 4WD,[],WsFolder,,,,,,,,
IEAEINT7I43O4K7M,Y22W27,[],WsFolder,,,,,,,,
IEAEINT7I42TTKIH,J307 - Beak Aluminium Alloy Substitution,['IEAEINT7I42TTKMN'],WsFolder,,KUAJVUPW,['KUAJV4AW'],IEAEINT7JMCLXA5J,2022-05-06T14:13:32Z,,2022-06-15T21:34:48Z,
IEAEINT7I42ZGWBA,Y22W21,[],WsFolder,,,,,,,,
IEAEINT7I425BAIC,Y22W22,[],WsFolder,,,,,,,,
IEAEINT7I4U5RIKM,J232 - Structural Integrity Inspections of Buildings,"['IEAEINT7I4U5Z663', 'IEAEINT7I4YPTMXR', 'IEAEINT7I4U6AV3J', 'IEAEINT7I4U6AWTJ', 'IEAEINT7I4U6AWJK', 'IEAEINT7I4U5R22S', 'IEAEINT7I4U6AWDK', 'IEAEINT7I4U6ALJM', 'IEAEINT7I4U6ALXS', 'IEAEINT7I4U6AMDT', 'IEAEINT7I4U5R2QM', 'IEAEINT7I4U6AKRW', 'IEAEINT7I4U6AMLX', 'IEAEINT7I4U6ALQF', 'IEAEINT7I4U6AMIG', 'IEAEINT7I4U6AK4H', 'IEAEINT7I4U6AW6H', 'IEAEINT7I4U6AVKI', 'IEAEINT7I4U5R3LR', 'IEAEINT7I4U6AXIJ', 'IEAEINT7I4U6AMSK', 'IEAEINT7I4U5RU7T', 'IEAEINT7I4U6ALCL', 'IEAEINT7I4U6AWYL', 'IEAEINT7I4U6AL6O', 'IEAEINT7I4U6AVYP', 'IEAEINT7I4U6AWOR', 'IEAEINT7I4U6AVQS', 'IEAEINT7I4Y4UIZ6', 'IEAEINT7I4U6AV6X', 'IEAEINT7I4U6AXE6', 'IEAEINT7I43YILB3']",WsFolder,,KUALR2UV,['KUADNVMK'],IEAEINT7JMCLXA5J,2021-06-07T18:37:12Z,2022-05-30,2022-08-17T16:49:20Z,2021-06-07
IEAEINT7I43ES5NU,J312 - 5Y Sfty Insp CVI Bldg 900-904 & SR001-RM,['IEAEINT7I43ES5RQ'],WsFolder,,KUAJVUPW,"['KUADNVMK', 'KUANU3JP']",IEAEINT7JMCLXA5J,2022-06-07T20:09:35Z,2022-07-22,2022-08-08T22:04:15Z,2022-06-10
IEAEINT7I4ZLZP3N,J282 - (ADM) Cable Bolts (6m) R&D for Improvements,[],WsFolder,,,,,,,,
IEAEINT7I43YILB3,31 - BLD042,[],WsFolder,,,,,,,,
IEAEINT7I5B5YC6C,Richard´s Business Expenses,[],WsFolder,,,,,,,,
IEAEINT7I4YNBRM2,J265 - BHP 5Y Sfty Insp SIM CVI Fuel Fac FI Bowser,['IEAEINT7I4ZDIHXQ'],WsFolder,,KUADNVMK,['KUAJV4AW'],IEAEINT7JMCLXBBD,2021-12-30T09:26:57Z,2022-04-29,2022-04-29T20:28:21Z,2022-04-12
IEAEINT7I4ZLXGZK,J280 - 300 Tonne Bin Upgrade,['IEAEINT7I4ZLZPV3'],WsFolder,,KUAJVUPW,"['KUAJV4AW', 'KUAJVURM']",IEAEINT7JMCLXBBD,2022-02-24T18:59:39Z,,2022-06-22T00:04:36Z,
IEAEINT7I42K3WSW,J304 - Ore cars inspection at Nelson Point,['IEAEINT7I42K3YER'],WsFolder,,KUAJVUPW,['KUADNVMK'],IEAEINT7JMCLXA5J,2022-04-20T15:59:44Z,,2022-05-05T07:32:16Z,2022-04-21
IEAEINT7I4YFFD5I,J258 - Selma Jetty Structural Inspection,['IEAEINT7I4Y4UOY3'],WsFolder,,KUAJVUPW,['KUADNVMK'],IEAEINT7JMCLXA5J,2021-12-11T19:53:15Z,2022-05-04,2022-05-16T03:38:04Z,2022-01-31
IEAEINT7I4YFEO37,J265 - BHP 5Y Sfty Insp SIM CVI Fuel Fac FUEL001,['IEAEINT7I4ZDIMJM'],WsFolder,,KUAJVUPW,['KUAJV4AW'],IEAEINT7JMCLXBBD,2021-12-11T15:04:22Z,2022-04-29,2022-04-29T20:28:27Z,2022-04-12
IEAEINT7I4YNBRE2,J265 - BHP 5Y Sfty Insp SIM CVI Fuel Fac FUEL003,['IEAEINT7I4ZDIPJS'],WsFolder,,KUADNVMK,['KUAJV4AW'],IEAEINT7JMCLXBBD,2021-12-30T09:24:51Z,2022-04-29,2022-04-29T20:28:35Z,2022-04-12
IEAEINT7I4YNBQ3F,J265 - BHP 5Y Sfty Insp SIM CVI Fuel Fac FUEL002,['IEAEINT7I4ZDINZS'],WsFolder,,KUADNVMK,['KUAJV4AW'],IEAEINT7JMCLXBBD,2021-12-30T09:23:28Z,2022-04-29,2022-04-29T20:28:30Z,2022-04-12
IEAEINT7I4YNBRHN,J265 - BHP 5Y Sfty Insp SIM CVI Fuel Fac FUEL004,['IEAEINT7I4ZDIRDL'],WsFolder,,KUADNVMK,['KUAJV4AW'],IEAEINT7JMCLXBBD,2021-12-30T09:25:15Z,2022-04-29,2022-04-29T20:28:39Z,2022-04-12
IEAEINT7I4YPTGFK,Inspections,['IEAEINT7I42D7DGI'],RbFolder,,,,,,,,
IEAEINT7I42YE7PI,Y22W20,[],WsFolder,,,,,,,,
IEAEINT7I42RAG6N,Y22W19,[],WsFolder,,,,,,,,
IEAEINT7I44WQXCS,5. Sales,[],WsFolder,,,,,,,,
IEAEINT7I4Y4ULS4,J253 - (ADM) Foreign Contaminants Detection on Conveyor Belts,[],WsFolder,,,,,,,,
IEAEINT7I5AZZT6R,G008 - Capability Statement Update,[],WsFolder,,KUAOEGVX,[],IEAEINT7JMAAAAAB,2023-04-24T09:52:03Z,,2023-04-28T18:14:25Z,
IEAEINT7I44H4R5Q,Y22W33,[],WsFolder,,,,,,,,
IEAEINT7I43ETIO6,01. BLD900-RM (Medium),[],RbFolder,,,,,,,,
IEAEINT7I43ETIW4,02. BLD901-RM (Small),[],RbFolder,,,,,,,,
IEAEINT7I43ETI3R,03. BLD902-RM (Small),[],RbFolder,,,,,,,,
IEAEINT7I46ENHQQ,J350 - FEA of a Hitachi ZX65 Hi rail machine,['IEAEINT7I46KKL37'],WsFolder,,KUAQKCJM,['KUAJV4AW'],IEAEINT7JMCLXA5J,2022-11-23T23:42:43Z,2023-02-11,2023-01-30T21:25:18Z,2022-12-16
IEAEINT7I43DYTGG,Y22W23,[],RbFolder,,,,,,,,
IEAEINT7I5AGTROV,3. Program Closure,[],WsFolder,,KUAJVUPW,[],IEAEINT7JMAAAAAA,2023-03-20T22:46:27Z,,,
IEAEINT7I43I74N7,Y22W23,[],WsFolder,,,,,,,,
IEAEINT7I43I74SI,Y22W24,[],WsFolder,,,,,,,,
IEAEINT7I43I74XM,Y22W25,[],WsFolder,,,,,,,,
IEAEINT7I43FBZTH,911271527: Work request,[],RbFolder,,KUAKQGKM,['KUAJVUPW'],IEAEINT7JMCLXA5I,2022-06-08T14:22:04Z,,,
IEAEINT7I43SL63Y,J323 - (ADM) Tank reinforcement,[],WsFolder,,,,,,,,
IEAEINT7I4ZLZQH4,J284 - (ADM) Static Line Supports Inspection,[],WsFolder,,,,,,,,
IEAEINT7I4YTEBT5,J215 - Hyundai 170W,[],WsFolder,,KUAJVUPW,['KUAJVUPW'],IEAEINT7JMCLXA5J,2022-01-12T14:11:00Z,,2022-01-12T14:11:20Z,
IEAEINT7I43XMCO7,J325 - FEA Updated Hybrid Hitachi 140W and 170W,['IEAEINT7I43XMKKD'],WsFolder,,KUAJVUPW,['KUAJV4AW'],IEAEINT7JMCLXA5J,2022-07-13T19:19:16Z,2022-08-08,2022-08-25T22:59:07Z,2022-07-27
IEAEINT7I457N2QD,Y22W46,[],WsFolder,,,,,,,,
IEAEINT7I4YFFUG5,J267 - Clean Coal Plough Design,['IEAEINT7I4YQGKKP'],WsFolder,,KUADNVMK,"['KUAJVUPW', 'KUAJ57N7', 'KUAJV4AW', 'KUAJVURM']",IEAEINT7JMCLXBBD,2021-12-12T00:34:29Z,,2022-05-16T00:08:50Z,2021-12-15
IEAEINT7I43WSZB2,J324 - (ADM) BHP CD4 Trunnion Room Drainage,[],WsFolder,,,,,,,,
IEAEINT7I43FJ6BS,J314 - (ADM) StoreMasta Container Design,[],WsFolder,,,,,,,,
IEAEINT7I4YQGLAH,J268 - (ADM) Portable Buildings Anchoring Standard,['IEAEINT7I4YSFACU'],WsFolder,,,,,,,,
IEAEINT7I4XFJ3S4,J248 - Grid Mesh Panels Characterization,[],WsFolder,,KUAJVUPW,['KUAJVUPW'],IEAEINT7JMCLXA5J,2021-10-21T16:07:54Z,,2021-10-29T13:36:45Z,
IEAEINT7I4Y4UIZ6,J232 - (ADM) Structural Integrity Inspections of Buildings,[],WsFolder,,,,,,,,
IEAEINT7I4YTEBXU,J214 - School Lights Bars,[],WsFolder,,KUAJVUPW,['KUAJVUPW'],IEAEINT7JMCLXA5J,2022-01-12T14:11:12Z,,2022-01-12T14:11:16Z,
IEAEINT7I4YTDVMB,J224 - Pre-feasibility Car Dumper PH,[],WsFolder,,KUAJVUPW,['KUAJVUPW'],IEAEINT7JMCLXA5J,2022-01-12T14:06:37Z,,2022-01-12T14:06:41Z,
IEAEINT7I4ZLZQMH,J285 - (ADM) PMIs Photo Collection Support and Development,[],WsFolder,,,,,,,,
IEAEINT7I4YUUWUT,J221 - BMA-BRM Key Solutions Group,[],WsFolder,,KUAJVUPW,['KUAJVUPW'],IEAEINT7JMCLXBBD,2022-01-14T14:38:16Z,,2022-01-14T14:38:20Z,
IEAEINT7I43O4ZU4,J244 - (ADM) Vehicle Braking Application,[],WsFolder,,,,,,,,
IEAEINT7I43RY7IO,J321 - (ADM) Tank inspections proposal,[],WsFolder,,,,,,,,
IEAEINT7I4YTD7XQ,J220 - Komatsu PC88,[],WsFolder,,KUAJVUPW,['KUAJVUPW'],IEAEINT7JMCLXA5J,2022-01-12T14:07:46Z,,2022-01-12T14:07:50Z,
IEAEINT7I42K2TQC,J217 - Timber Shed Administrative,[],WsFolder,,,,,,,,
IEAEINT7I4YTDVUH,J223 - IWI Post Connection,[],WsFolder,,KUAJVUPW,['KUAJVUPW'],IEAEINT7JMCLXA5J,2022-01-12T14:07:02Z,,2022-01-12T14:07:59Z,
IEAEINT7I4YTDUYU,J226 - Rod Gripper Certification,[],WsFolder,,KUAJVUPW,['KUAJVUPW'],IEAEINT7JMCLXA5J,2022-01-12T14:05:15Z,,2022-01-12T14:05:21Z,
IEAEINT7I4YTEBKP,J216 - Drill Machinery Audit,[],WsFolder,,KUAJVUPW,['KUAJVUPW'],IEAEINT7JMCLXA5J,2022-01-12T14:10:29Z,,2022-01-12T14:10:33Z,
IEAEINT7I43VQYMP,Y22W28,[],WsFolder,,,,,,,,
IEAEINT7I43XMKKD,J325 - (ADM) FEA Updated Hi-Brid Hitachi 140W,[],WsFolder,,,,,,,,
IEAEINT7I44Z5VFL,Y22W38,[],WsFolder,,,,,,,,
IEAEINT7I434GKWA,J293 - (ADM) Automated Robotic Inspection Platform for Underground Coal Mining and CHPP Infrastructure,[],WsFolder,,,,,,,,
IEAEINT7I434GLFQ,J294 - (ADM) Quantitative Based Surface Condition Evaluation,[],WsFolder,,,,,,,,
IEAEINT7I44MNXKE,J334 - (ADM) Inspections PMIs,[],WsFolder,,,,,,,,
IEAEINT7I43ZVJIR,Y22W30,[],WsFolder,,,,,,,,
IEAEINT7I43OVVCM,Y22W26,[],WsFolder,,,,,,,,
IEAEINT7I42MJR2I,J300 - (ADM) BHP 5Y Sfty Insp CVI,[],WsFolder,,,,,,,,
IEAEINT7I4YV4ID4,J272 - 2021 Structural Statutory Inspection,['IEAEINT7I4Y4UWLB'],WsFolder,,KUADNVMK,['KUADNVMK'],IEAEINT7JMCLXA5J,2022-01-18T06:39:14Z,2022-05-27,2022-08-08T22:00:20Z,2021-12-08
IEAEINT7I44CXXOZ,JXYZ - AIE Training Package,['IEAEINT7I44CXYNF'],RbFolder,,KUAJVUPW,['KUAQKCJM'],IEAEINT7JMCLXA5I,2022-08-04T14:14:08Z,2022-08-04,,
IEAEINT7I43ES5RQ,J312 - (ADM) 5Y Sfty Insp CVI Bldg 900-904 & SR001-RM,[],WsFolder,,,,,,,,
IEAEINT7I4354FMJ,Internal Review,[],WsFolder,,,,,,,,
IEAEINT7I5BKPH4B,Q382 - (ADM) Skid and Drawbar Certification,[],WsFolder,,,,,,,,
IEAEINT7I4YB7YKA,J262 - CAT M314D,['IEAEINT7I4YQGGNJ'],WsFolder,,KUAJVUPW,"['KUAJVUPW', 'KUAJV4AW']",IEAEINT7JMCLXA5J,2021-12-07T15:03:08Z,,2022-01-27T15:50:29Z,
IEAEINT7I45M335S,J344* - Measurement System Testing Bench,['IEAEINT7I45M34QF'],WsFolder,,KUAJVUPW,['KUAJV4AW'],IEAEINT7JMCLXA5J,2022-10-24T19:50:29Z,2023-01-31,2023-01-16T21:47:26Z,2022-10-17
IEAEINT7I5BKPIBZ,Q368 - Engineering and Consultancy Dust Program (EOI-01453),[],WsFolder,,,,,,,,
IEAEINT7I44CXYNF,JXYZ - (ADM) AIE Training Package,[],RbFolder,,,,,,,,
IEAEINT7I435KIJ3,J326 - (ADM) Berth Rail and Girder SHM,[],WsFolder,,,,,,,,
IEAEINT7I44DMMFP,J329 - (ADM) Crane-Staging-XY Overhead Structure,[],WsFolder,,,,,,,,
IEAEINT7I4ZLZPYZ,J281 - (ADM) CM Canister Driver,[],WsFolder,,,,,,,,
IEAEINT7I45EM4OQ,Y22W41,[],WsFolder,,,,,,,,
IEAEINT7I43J67CF,J315 - (ADM) 5Y Sfty Insp CVI Bldg Med Sub 6.6kV FI,[],WsFolder,,,,,,,,
IEAEINT7I4YFFUJL,J268 - Portable Buildings Anchoring Standard,['IEAEINT7I4YQGLAH'],WsFolder,,KUADNVMK,['KUAJVURM'],IEAEINT7JMCLXA5J,2021-12-12T00:37:58Z,2022-05-31,2022-08-08T17:14:04Z,2022-05-03
IEAEINT7I5BKPH7Q,Q369 - Strategic Dust Program (EOI-01454),[],WsFolder,,,,,,,,
IEAEINT7I43NJJFL,J316 - (ADM) 5Y Sfty Insp CVI Bldg Med Subs,[],WsFolder,,,,,,,,
IEAEINT7I42QIHVQ,J265 - BHP 5Y Sfty Insp SIM CVI Fuel Fac,['IEAEINT7I42QIH2W'],WsFolder,,KUAJVUPW,"['KUALNZH6', 'KUAMBT5J']",IEAEINT7JMCLXA5J,2022-04-29T20:00:52Z,2022-07-22,2022-08-23T21:51:58Z,
IEAEINT7I4ZZP74X,J290 - ERS-VOL88D-21596,['IEAEINT7I4Z7N2PB'],WsFolder,,KUAJVUPW,['KUAJV4AW'],IEAEINT7JMCLXA5J,2022-03-22T15:20:18Z,,2022-05-05T07:16:55Z,
IEAEINT7I4Y4CJUN,J270 - (ADM) Paper Sorting Mezzanines,['IEAEINT7I4Y4CJ5F'],WsFolder,,,,,,,,
IEAEINT7I44PA5RP,Y22W36,[],WsFolder,,,,,,,,
IEAEINT7I44MG5FS,J333 - (ADM) BLD065 Inspection,[],WsFolder,,,,,,,,
IEAEINT7I44M5XRL,J335 - (ADM) Annual Fixed Asset Structural Audit,[],WsFolder,,,,,,,,
IEAEINT7I44M5ZTP,00. Pre Work,[],RbFolder,,,,,,,,
IEAEINT7I44M6HF4,Y22W35,[],WsFolder,,,,,,,,
IEAEINT7I47FC6VG,G002 - J357 Emisense Brochure,[],WsFolder,,KUAJVUPW,"['KUAOEGVX', 'KUAJVUPW']",IEAEINT7JMAAAAAB,2023-01-30T17:18:55Z,,2023-02-06T14:00:21Z,
IEAEINT7I44WESA5,Y22W37,[],WsFolder,,,,,,,,
IEAEINT7I44WMEBM,2. Developers,[],WsFolder,,,,,,,,
IEAEINT7I44WMEDR,3. Business Operations,[],WsFolder,,,,,,,,
IEAEINT7I4UHWBTN,Other Activities,"['IEAEINT7I4UHWHKL', 'IEAEINT7I4UHWHPJ', 'IEAEINT7I4UHWHC4', 'IEAEINT7I4UHWHUB', 'IEAEINT7I4UHWHTG', 'IEAEINT7I4UHWHNF']",WsFolder,,,,,,,,
IEAEINT7I44WME4A,1. Administrative,['IEAEINT7I5AXRT7F'],WsFolder,,,,,,,,
IEAEINT7I44WMFHV,4. Financial & accounting,[],WsFolder,,,,,,,,
IEAEINT7I4YRKNWI,J269 - (ADM) Truss conveyor structural analysis,[],WsFolder,,,,,,,,
IEAEINT7I43ESRUA,J313 - (ADM) Hy Performance Valves FEA,[],WsFolder,,,,,,,,
IEAEINT7I443YUIF,6. Training & Education,[],WsFolder,,,,,,,,
IEAEINT7I445ORMA,Y22W39,[],WsFolder,,,,,,,,
IEAEINT7I4VOIQ4E,J239 - Feasibility,['IEAEINT7I4Y4VJZR'],WsFolder,,KUAJV4AW,['KUAJV4AW'],IEAEINT7JMCLXA5J,2021-09-22T16:08:08Z,2022-12-20,2022-11-07T04:36:47Z,2021-07-08
IEAEINT7I4Y4VJZR,J239 - (ADM) Feasibility,[],WsFolder,,,,,,,,
IEAEINT7I45BF4HP,Y22W40,[],WsFolder,,,,,,,,
IEAEINT7I45CKKXL,J339 - (ADM) Brandown Structural Analysis,[],WsFolder,,,,,,,,
IEAEINT7I4U5Z3TD,J233 - RailSense,['IEAEINT7I4Y7CDOR'],WsFolder,,KUALR2UV,['KUADNVMK'],IEAEINT7JMCLXA5J,2021-06-08T06:25:11Z,2021-06-30,2022-02-03T16:17:01Z,2021-06-04
IEAEINT7I4ZENWSQ,J275 - (ADM) BHP Work Planning and Scoping Tool,[],WsFolder,,,,,,,,
IEAEINT7I4ZLXIBU,J282 - Cable Bolts (6m) R&D for Improvements,['IEAEINT7I4ZLZP3N'],WsFolder,,KUAJVUPW,['KUADNVMK'],IEAEINT7JMCLXBBD,2022-02-24T19:01:49Z,2022-02-24,2022-11-29T02:23:18Z,
IEAEINT7I45CKLAE,J340 - (ADM) Resource Co Structural Analysis,[],WsFolder,,,,,,,,
IEAEINT7I435KIJQ,J326 - Berth Rail and Girder SHM,['IEAEINT7I435KIJ3'],WsFolder,,KUAJVUPW,['KUAJVURM'],IEAEINT7JMCLXA5J,2022-07-26T02:48:25Z,2022-07-25,2022-11-30T01:02:23Z,
IEAEINT7I45ICAIX,Y22W42,[],WsFolder,,,,,,,,
IEAEINT7I47WN5ZS,J363 - (ADM) Hanson Concrete Batch Tender,[],WsFolder,,,,,,,,
IEAEINT7I46G3VQT,J351 - (ADM) Hand Rail Mounting Bracket Certification,[],WsFolder,,,,,,,,
IEAEINT7I45TBXK5,Y22W44,[],WsFolder,,,,,,,,
IEAEINT7I45MZYE3,Y22W43,[],WsFolder,,,,,,,,
IEAEINT7I45KXCDT,J342 - (ADM) SL4 Corner 33 Storm-anchor Frame 3rd Party review,[],WsFolder,,,,,,,,
IEAEINT7I45M34QF,J344 - (ADM) Measurement System Testing Bench,[],WsFolder,,,,,,,,
IEAEINT7I47XHMXT,J367 - (ADM) Lift Cage Review,[],WsFolder,,,,,,,,
IEAEINT7I5BD4MF4,Expense Statements (Legalisation of Expenses),"['IEAEINT7I5BD4MN6', 'IEAEINT7I5BQZHS2', 'IEAEINT7I5BQZIA3', 'IEAEINT7I5BD4MQH', 'IEAEINT7I5BQZH2F', 'IEAEINT7I5BD4MNE', 'IEAEINT7I5BD4MPE', 'IEAEINT7I5B42LQR', 'IEAEINT7I5B5YC6C', 'IEAEINT7I5BD4MMA']",WsFolder,,,,,,,,
IEAEINT7I4YTEAE4,J219 - Komatsu PC138,['IEAEINT7I4737ER5'],WsFolder,,KUAJVUPW,['KUAJV4AW'],IEAEINT7JMCLXA5J,2022-01-12T14:08:50Z,2023-03-10,2023-03-27T21:47:51Z,2023-02-06
IEAEINT7I5BD4MMA,Ivan's Business Expenses,[],WsFolder,,,,,,,,
IEAEINT7I5BD4MNE,Nicolas' Business Expenses,[],WsFolder,,,,,,,,
IEAEINT7I5BD4MPE,Leonardo's Business Expenses,[],WsFolder,,,,,,,,
IEAEINT7I5BD4MN6,Alberto's Business Expenses,[],WsFolder,,,,,,,,
IEAEINT7I5BD4MQH,Alejandro's Business Expenses,[],WsFolder,,,,,,,,
IEAEINT7I46NFLNT,J083 - (ADM) SHM Hailcreek Mine,[],WsFolder,,,,,,,,
IEAEINT7I46J5VPJ,Y22W52,[],WsFolder,,,,,,,,
IEAEINT7I4ZLXILT,J284 - Static Line Supports Inspection,['IEAEINT7I4ZLZQH4'],WsFolder,,KUAJVUPW,"['KUAMBT5J', 'KUALNZH6']",IEAEINT7JMCLXA5J,2022-02-24T19:02:46Z,2022-10-31,2022-11-22T01:55:47Z,2022-04-11
IEAEINT7I43NJIJG,J316 - 5Y Sfty Insp CVI Bldg Med Subs 66kV No 1 & 0450 SA,['IEAEINT7I43NJJFL'],WsFolder,,KUAJVUPW,['KUADNVMK'],IEAEINT7JMCLXA5J,2022-06-23T14:54:22Z,2022-10-31,2022-11-22T01:52:59Z,2022-07-21
IEAEINT7I46GUSU3,Find a secure office space in Bogotá,[],RbFolder,,KUAPGNLY,[],IEAEINT7JMAAAAAA,2022-11-29T18:39:34Z,,,
IEAEINT7I4ZLXIVO,J285 - PMIs Photo Collection Support and Development,['IEAEINT7I4ZLZQMH'],WsFolder,,KUAJVUPW,['KUAQKCIW'],IEAEINT7JMCLXA5J,2022-02-24T19:03:21Z,2022-10-14,2022-11-29T02:53:11Z,2022-01-19
IEAEINT7I47FC54D,9. Graphic Designs,"['IEAEINT7I47FC65B', 'IEAEINT7I47FC6RT', 'IEAEINT7I5CCENRH', 'IEAEINT7I47TG5KF', 'IEAEINT7I47FC6VG', 'IEAEINT7I47FC67W', 'IEAEINT7I47YWZQT', 'IEAEINT7I5AZZT6R', 'IEAEINT7I476DQ26']",WsFolder,,,,,,,,
IEAEINT7I47FC65B,G003 - Update of Mincka's Capability Statement,[],WsFolder,,KUAJVUPW,"['KUAPGNLY', 'KUAJVUPW']",IEAEINT7JMAAAAAB,2023-01-30T17:19:18Z,,2023-02-06T19:20:36Z,
IEAEINT7I47FC6RT,G001 - Employee Brochure,[],WsFolder,,KUAJVUPW,"['KUAOEGVX', 'KUAQENOQ']",IEAEINT7JMAAAAAB,2023-01-30T17:18:43Z,,2023-03-19T11:04:52Z,
IEAEINT7I46MLXL4,J357 - (ADM) Haul Trucks Emissions Monitoring,[],WsFolder,,,,,,,,
IEAEINT7I46MMDMP,J356 - (ADM) Trolley Maximum Load Calculation,[],WsFolder,,,,,,,,
IEAEINT7I4XY6PVO,J256 - Gibson Island,['IEAEINT7I4Y4UORQ'],WsFolder,,KUAJVUPW,['KUAJVUPW'],IEAEINT7JMCLXA5J,2021-11-23T15:34:29Z,2022-03-17,2022-05-16T03:49:41Z,2021-11-22
IEAEINT7I46ST34C,7. Onboarding,"['IEAEINT7I46ST4TI', 'IEAEINT7I46ST6UL', 'IEAEINT7I46SVFKY', 'IEAEINT7I46SVFPZ', 'IEAEINT7I46SVU7F']",WsFolder,,,,,,,,
IEAEINT7I46ST4TI,Nicolas Yaya,[],WsFolder,,KUAJVUPW,[],IEAEINT7JMDDVL6O,2022-12-21T17:22:37Z,,,
IEAEINT7I46ST6UL,Sarah Maillard,[],WsFolder,,KUAJVUPW,[],IEAEINT7JMDDVL6Y,2022-12-21T17:26:25Z,,,
IEAEINT7I46SVFKY,Alex Duarte,[],WsFolder,,KUAJVUPW,[],IEAEINT7JMDDVMB4,2022-12-21T18:30:37Z,,,
IEAEINT7I46SVFPZ,John Duncan,[],WsFolder,,KUAJVUPW,[],IEAEINT7JMDDVMC2,2022-12-21T18:31:01Z,,,
IEAEINT7I46SVU7F,Fidel Gonzalez,[],WsFolder,,KUAJVUPW,[],IEAEINT7JMDDVL7W,2022-12-21T18:58:01Z,,,
IEAEINT7I4ZZQDDA,J291 - AIMS Framework Development,[],WsFolder,,KUAJVUPW,['KUALNZH6'],IEAEINT7JMCLXA5J,2022-03-22T15:24:01Z,,2023-03-09T18:46:36Z,
IEAEINT7I46264FB,J360 - (ADM) RIIS Partnership,[],WsFolder,,,,,,,,
IEAEINT7I44EP23L,J330 - Backing Plate Rack,['IEAEINT7I44EP3N5'],WsFolder,,KUAJVUPW,['KUAJVURM'],IEAEINT7JMCLXA5J,2022-08-08T18:52:52Z,2022-09-30,2022-10-02T20:21:34Z,2022-08-08
IEAEINT7I44DMCHZ,J329 - Crane-Staging-XY Overhead Structure,['IEAEINT7I44DMMFP'],WsFolder,,KUAPN5VH,['KUAJVURM'],IEAEINT7JMCLXA5J,2022-08-05T14:08:04Z,2022-09-30,2022-10-02T20:20:52Z,2022-08-17
IEAEINT7I44ML52U,J332 - Meteorological Tower Inspection,[],RbFolder,,KUAPN5VH,[],IEAEINT7JMCLXA5I,2022-08-23T19:21:15Z,,,
IEAEINT7I44W2VTY,J337 - BHP Buildings Inspections,['IEAEINT7I44W23CX'],WsFolder,,KUAPN5VH,['KUADNVMK'],IEAEINT7JMCLXA5J,2022-09-13T14:52:59Z,2022-10-28,2022-11-22T01:56:40Z,2022-10-12
IEAEINT7I5AGTO4T,2.2 Service Delivery,[],WsFolder,,KUAJVUPW,[],IEAEINT7JMAAAAAA,2023-03-20T22:41:47Z,,,
IEAEINT7I425AE35,J309 - Premron Bolts,['IEAEINT7I425AFBV'],WsFolder,,KUAJVUPW,['KUAJV4AW'],IEAEINT7JMCLXA5J,2022-05-23T19:45:32Z,2022-10-21,2023-01-10T22:42:20Z,
IEAEINT7I45KXBSO,J342 - SL4 Corner 33 Storm-anchor Frame 3rd Party review,['IEAEINT7I45KXCDT'],WsFolder,,KUAJV4AW,[],IEAEINT7JMCLXA5J,2022-10-20T16:04:49Z,2022-11-22,2023-01-10T22:44:24Z,2022-11-11
IEAEINT7I5AGTO6Q,2.4 Talent Management,[],WsFolder,,KUAJVUPW,[],IEAEINT7JMAAAAAA,2023-03-20T22:42:11Z,,,
IEAEINT7I5AGTO7Y,2.5 Finance Management,[],WsFolder,,KUAJVUPW,[],IEAEINT7JMAAAAAA,2023-03-20T22:42:18Z,,,
IEAEINT7I5AGTPFE,2.8 Risk Management,[],WsFolder,,KUAJVUPW,[],IEAEINT7JMAAAAAA,2023-03-20T22:42:37Z,,,
IEAEINT7I4YXJDEK,Yearly Leave,[],WsFolder,,KUAJVUPW,['KUAJVUPW'],IEAEINT7JMAAAAAA,2022-01-19T22:50:28Z,2023-01-09,,2022-12-21
IEAEINT7I4YYUBCA,Floating Holidays,"['IEAEINT7I47KMR4W', 'IEAEINT7I4YYUBL7', 'IEAEINT7I4YYUBNC', 'IEAEINT7I47KMRZ7', 'IEAEINT7I4YYUBOB']",WsFolder,,,,,,,,
IEAEINT7I47G4D74,J360 - RIIS Partnership,['IEAEINT7I47G4F6T'],WsFolder,,KUAJVUPW,"['KUAJVUPW', 'KUAJVURM']",IEAEINT7JMCLXBBD,2023-02-01T18:19:10Z,2023-02-01,2023-03-07T21:44:45Z,
IEAEINT7I47G4F6T,J360 - (ADM) RIIS Partnership,[],WsFolder,,,,,,,,
IEAEINT7I47G4GKQ,J361 - (ADM) Dock Lift Review,[],WsFolder,,,,,,,,
IEAEINT7I47FC67W,G004 - Newsletter,[],WsFolder,,KUAJVUPW,"['KUAOEGVX', 'KUAPGNLY', 'KUAPRGU7']",IEAEINT7JMAAAAAB,2023-01-30T17:19:29Z,,2023-04-25T16:19:42Z,
IEAEINT7I43RYUWT,J317 - (ADM) Development of structural Integrity management framework,[],WsFolder,,,,,,,,
IEAEINT7I4737ER5,J219 - (ADM) Komatsu PC138,[],WsFolder,,,,,,,,
IEAEINT7I47WDXYR,J365 - Light Vehicle Electrification,['IEAEINT7I47WDYNE'],WsFolder,,KUAJVUPW,"['KUAJVUPW', 'KUAQENOQ']",IEAEINT7JMCLXBBD,2023-02-22T16:37:30Z,2023-02-22,2023-03-13T02:34:20Z,
IEAEINT7I47ZYSIM,J370 - (ADM) Trinity pulley beam certification,[],WsFolder,,,,,,,,
IEAEINT7I5AU7BPZ,J377 - (ADM) FEA Strut Cylinder Details - PHN Industries,[],WsFolder,,,,,,,,
IEAEINT7I47WDYNE,J365 - (ADM) Light Vehicle Electrification,[],WsFolder,,,,,,,,
IEAEINT7I5AU7BVO,J378 - (ADM) PA People frensham school mittagong,[],WsFolder,,,,,,,,
IEAEINT7I4626ZKL,J360 - RIIS Partnership,['IEAEINT7I46264FB'],WsFolder,,KUAJV4AW,[],IEAEINT7JMCLXA5J,2023-01-11T20:23:28Z,,2023-01-16T09:51:13Z,
IEAEINT7I47YWZQT,G006 - Commemorative Logo 10 Years Mincka,[],WsFolder,,KUAJVUPW,[],IEAEINT7JMAAAAAB,2023-02-27T20:14:02Z,,2023-04-24T09:51:37Z,
IEAEINT7I4Z7Z5VO,J299 - Excel Roster   Planner,['IEAEINT7I42K3EH6'],WsFolder,,KUAKQGKM,['KUAJVUPW'],IEAEINT7JMCLXBBD,2022-04-01T01:16:03Z,,2022-04-26T15:21:25Z,
IEAEINT7I44JLK2S,J331 - Mincka Recruitment Preparation,[],WsFolder,,KUAJVUPW,['KUAJV4AW'],IEAEINT7JMCLXA5J,2022-08-17T15:36:17Z,2022-09-09,2022-09-07T05:26:46Z,2022-08-17
IEAEINT7I44MNSCP,J334 - Inspections PMIs,['IEAEINT7I44MNXKE'],WsFolder,,KUAPN5VH,['KUAJ4LPJ'],IEAEINT7JMCLXA5J,2022-08-23T20:37:06Z,,2022-11-29T02:27:18Z,
IEAEINT7I44M5XGO,J335 - Annual Fixed Asset Structural Audit,['IEAEINT7I44M5XRL'],WsFolder,,KUAJVUPW,['KUADNVMK'],IEAEINT7JMCLXBBD,2022-08-24T15:58:40Z,2022-08-18,2022-11-09T04:23:43Z,
IEAEINT7I44U6BGW,J336 - SHM for BHP's Mining & Port Operations,['IEAEINT7I44U6EU4'],WsFolder,,KUAPN5VH,['KUAJVURM'],IEAEINT7JMCLXBBD,2022-09-08T19:23:35Z,2022-09-08,2022-10-06T16:04:48Z,
IEAEINT7I45CLUT5,J338 - SHM MAAS BHP Nelson Point,[],WsFolder,,KUAJVUPW,"['KUAJVUPW', 'KUAP4LDP']",IEAEINT7JMCLXBBD,2022-10-05T15:46:02Z,2022-09-23,2022-10-20T06:17:07Z,
IEAEINT7I45DVXVH,J341 - FEA - Liebherr A914,['IEAEINT7I45DWBOW'],WsFolder,,KUAJVUPW,['KUAJV4AW'],IEAEINT7JMCLXA5J,2022-10-07T15:24:16Z,2022-11-16,2022-12-19T20:42:14Z,2022-11-02
IEAEINT7I46A2MDI,J346 - Onboarding Processes,[],WsFolder,,KUAJVUPW,['KUAOEGVX'],IEAEINT7JMCLXA5J,2022-11-16T19:20:09Z,,2023-01-10T11:40:47Z,
IEAEINT7I472VV6C,J369 - Strategic Dust Program (EOI-01454),[],RbFolder,,KUAQKCJM,[],IEAEINT7JMCLXA5I,2023-03-01T23:53:37Z,,,
IEAEINT7I472VXCM,J357 - (ADM) Haul Trucks Emissions Monitoring,[],RbFolder,,,,,,,,
IEAEINT7I476DQ26,G007 - J362 Mine Client Lineup part 2,[],WsFolder,,KUAOEGVX,['KUAOEGVX'],IEAEINT7JMAAAAAB,2023-03-07T15:03:47Z,,2023-04-24T09:51:40Z,
IEAEINT7I4773KLP,J372 - (ADM) SMENG-018 Engineering,[],WsFolder,,,,,,,,
IEAEINT7I4ZLXFIQ,J278 - Berth Girder SHM,['IEAEINT7I4ZLZPNJ'],WsFolder,,KUAJVUPW,['KUADNVMK'],IEAEINT7JMCLXBBD,2022-02-24T18:57:08Z,2022-02-24,2022-08-03T02:49:29Z,
IEAEINT7I434GKOU,J293 - Automated Robotic Inspection Platform for Underground Coal Mining and CHPP Infrastructure,['IEAEINT7I434GKWA'],WsFolder,,KUAJVUPW,['KUADNVMK'],IEAEINT7JMCLXBBD,2022-07-22T15:52:05Z,2022-07-22,2022-08-02T23:49:01Z,
IEAEINT7I425UBA5,J310 - Adaptor Brackets Certification,['IEAEINT7I425UBHN'],WsFolder,,KUAJVUPW,"['KUAJVUPW', 'KUAJ57N7']",IEAEINT7JMCLXBBD,2022-05-24T16:18:38Z,2022-06-03,2023-03-09T18:50:29Z,
IEAEINT7I5AO2QUP,J373 - Communications Trailer Design and Certification,['IEAEINT7I5AO2QY7'],WsFolder,,KUAJVUPW,"['KUADNVMK', 'KUAJVUPW']",IEAEINT7JMCLXBBD,2023-04-03T17:40:02Z,2023-03-31,2023-05-04T15:47:16Z,
IEAEINT7I5AO2QY7,J373 - (ADM) Communications Trailer Design and Certification,[],WsFolder,,,,,,,,
IEAEINT7I5AGTO5B,2.3 Customer Service,[],WsFolder,,KUAJVUPW,[],IEAEINT7JMAAAAAA,2023-03-20T22:41:52Z,,,
IEAEINT7I5AGTOGU,3. Business Operations (New),[],RbFolder,,,,,,,,
IEAEINT7I5AGTPBH,2.6 Office Administration,[],WsFolder,,KUAJVUPW,[],IEAEINT7JMAAAAAA,2023-03-20T22:42:27Z,,,
IEAEINT7I4773JXV,J372 - SMENG-018 Engineering,['IEAEINT7I4773KLP'],WsFolder,,KUAJVUPW,"['KUAJVUPW', 'KUAJV4AW']",IEAEINT7JMCLXBBD,2023-03-09T17:08:36Z,2023-03-08,2023-03-22T23:51:17Z,
IEAEINT7I4YEEURR,J000 - Control sheet,[],WsFolder,,KUAJVUPW,['KUAJVUPW'],IEAEINT7JMCAPJJW,2021-12-10T19:59:16Z,,,
IEAEINT7I4YEJUV4,J263 - Hitachi ZX135US-5B 4WD,['IEAEINT7I4YQGGTC'],WsFolder,,KUADNVMK,"['KUAJVUPW', 'KUAJV4AW']",IEAEINT7JMCLXA5J,2021-12-11T08:08:09Z,2022-01-14,2023-02-22T22:14:34Z,2022-01-17
IEAEINT7I5AO2YXY,J375 - (ADM) Structural Certification of Tanks,[],WsFolder,,,,,,,,
IEAEINT7I5AO2ZPK,J376 - (ADM) FEA - Dump Truck,[],WsFolder,,,,,,,,
IEAEINT7I5AO2XOI,J374 - (ADM) Orchestra Structure for Certification,[],WsFolder,,,,,,,,
IEAEINT7I5AO2XEY,J374 - Orchestra Structure for Certification,['IEAEINT7I5AO2XOI'],WsFolder,,KUAJVUPW,"['KUADNVMK', 'KUAJVUPW']",IEAEINT7JMCLXBBD,2023-04-03T17:49:29Z,,2023-04-03T19:12:45Z,
IEAEINT7I5AU7BOQ,J377 - FEA Strut Cylinder Details,['IEAEINT7I5AU7BPZ'],WsFolder,,KUAJVUPW,['KUAJV4AW'],IEAEINT7JMCLXA5J,2023-04-14T05:03:22Z,2023-05-12,2023-05-08T22:37:42Z,2023-05-05
IEAEINT7I5AGTOW4,MOS All Projects,"['IEAEINT7I5AGTQX3', 'IEAEINT7I5AGTQ3B', 'IEAEINT7I5AGTROV']",WsFolder,,KUAJVUPW,['KUAPSRAK'],IEAEINT7JMB3DINO,2023-03-20T22:40:55Z,,,
IEAEINT7I5BBF44J,J381 - (ADM) AAF Engineering,[],WsFolder,,,,,,,,
IEAEINT7I5AXRT7F,Colombian Operational Finance,['IEAEINT7I5BD4MF4'],WsFolder,,,,,,,,
IEAEINT7I5BQWMTG,J384 - (ADM) Hook Maximum Load Calculation,[],WsFolder,,,,,,,,
IEAEINT7I5BQWLZ6,J385 - (ADM) Trinity Flown Reflectors,[],WsFolder,,,,,,,,
IEAEINT7I46MLXIL,J357 - Haul Trucks Emissions Monitoring,['IEAEINT7I46MLXL4'],WsFolder,,KUAJVUPW,['KUADNVMK'],IEAEINT7JMCLXBBD,2022-12-08T22:05:28Z,2023-04-28,2023-04-25T20:43:26Z,2023-01-09
IEAEINT7I47G4GD5,J361 - Dock Lift Review,['IEAEINT7I47G4GKQ'],WsFolder,,KUAJVUPW,"['KUAJVUPW', 'KUAJV4AW']",IEAEINT7JMCLXA5J,2023-02-01T18:21:56Z,2023-03-15,2023-04-25T21:08:23Z,2023-03-09
IEAEINT7I5CBVCZW,J387 - (ADM) Design of Temporary Utility Brackets,[],WsFolder,,,,,,,,
IEAEINT7I5BAOERT,J380 - (ADM) RHS Midrack Capacity,[],WsFolder,,,,,,,,
IEAEINT7I5BEI4UD,J384 - (ADM) Hitachi-3600 Excavator,[],WsFolder,,,,,,,,
IEAEINT7I456TJB2,J344 - Client Service Development,['IEAEINT7I456TJJ7'],WsFolder,,KUAJVUPW,"['KUAOEGVX', 'KUAQENOQ']",IEAEINT7JMCLXBBD,2022-11-11T22:50:17Z,,2023-04-25T21:06:24Z,
IEAEINT7I47G4KMZ,J362 - Mining Client Lineup,[],WsFolder,,KUAJVUPW,"['KUAJVUPW', 'KUAQENOQ']",IEAEINT7JMCLXBBD,2023-02-01T18:26:55Z,2023-02-01,2023-04-25T19:41:08Z,
IEAEINT7I4YUAMRE,J270 - Paper Sorting Mezzanines,['IEAEINT7I4Y4CJUN'],WsFolder,,KUAJVUPW,['KUAQTHQB'],IEAEINT7JMCLXA5J,2022-01-13T17:10:40Z,2022-10-21,2022-11-15T14:26:41Z,2022-01-10
IEAEINT7I5BQZIA3,Andrea´s Business Expenses,[],WsFolder,,,,,,,,
IEAEINT7I5BJHW5Y,J384 - Hitachi 3600 Excavator,[],WsFolder,,KUAPSRAK,[],IEAEINT7JMCLXBAC,2023-05-16T00:57:49Z,,,
IEAEINT7I5BQZH2F,Francisco´s Busniss Expenses,[],WsFolder,,,,,,,,
IEAEINT7I5BQZHS2,Juan´s Business Expenses,[],WsFolder,,,,,,,,
IEAEINT7I5AO2ZLJ,J376 - FEA - Dump Truck,['IEAEINT7I5AO2ZPK'],WsFolder,,KUAJVUPW,['KUAJV4AW'],IEAEINT7JMCLXA5J,2023-04-03T17:51:01Z,2023-06-03,2023-06-14T22:39:49Z,
IEAEINT7I5BQ2LQ4,J386 - (ADM) Verify Plant Design,[],WsFolder,,,,,,,,
IEAEINT7I426SB72,J311 - CAPEX-OPEX Monthly Report,['IEAEINT7I426SCDS'],WsFolder,,KUAJVUPW,"['KUAJVUPW', 'KUAQKCIV']",IEAEINT7JMCLXA5J,2022-05-25T21:35:17Z,2022-09-09,2022-10-02T20:13:50Z,2022-06-30
IEAEINT7I42D7DGI,J300 - BHP 5Y Sfty Insp SIM CVI BLD038 *SA*,['IEAEINT7I42D7EHM'],RbFolder,,KUAQKCJM,[],IEAEINT7JMCLXA5I,2022-04-08T00:50:53Z,,,
IEAEINT7I42D7DX4,Administrative,[],WsFolder,,,,,,,,
IEAEINT7I42D7AY4,J300 - BHP 5Y Sfty Insp CVI Bldg Small BLD092 *SA*,['IEAEINT7I42D7DX4'],WsFolder,,KUAQKCJM,['KUAJVUPW'],IEAEINT7JMCLXBAC,2022-04-08T00:47:13Z,,,
IEAEINT7I42D7BTC,J300 - BHP 5Y Sfty Insp SIM CVI BLD019-NP *SA* Large,['IEAEINT7I42D7EG7'],WsFolder,,KUAQKCJM,['KUAJVUPW'],IEAEINT7JMCLXBAC,2022-04-08T00:50:13Z,,,
IEAEINT7I4ZENWQ6,J275 - BHP Work Planning and Scoping Tool,['IEAEINT7I4ZENWSQ'],WsFolder,,KUAJVUPW,['KUAQKCIW'],IEAEINT7JMCLXA5J,2022-02-11T13:13:15Z,2023-02-02,2023-03-22T23:50:00Z,
IEAEINT7I4YFFUEZ,J266 - CV815 Tunnel Durability Study,['IEAEINT7I4YQGJUI'],WsFolder,,KUADNVMK,['KUADNVMK'],IEAEINT7JMCLXA5J,2021-12-12T00:30:17Z,2022-10-31,2022-11-15T14:33:51Z,2021-12-13
IEAEINT7I44ML5MX,J332 - Meteorological Tower Inspection,['IEAEINT7I44ML5VD'],WsFolder,,KUAJVUPW,['KUAQKCJM'],IEAEINT7JMCLXBBD,2022-08-23T19:20:32Z,2022-08-22,2022-10-10T03:55:36Z,
IEAEINT7I472VV2P,J368 - Engineering and Consultancy Dust Program (EOI-01453),[],RbFolder,,KUAQKCJM,[],IEAEINT7JMCLXA5I,2023-03-01T23:53:04Z,,,
IEAEINT7I46KKLTW,J348 - (ADM) Cargo Lift Certification,[],WsFolder,,,,,,,,
IEAEINT7I42D7EGC,Administrative,[],WsFolder,,,,,,,,
IEAEINT7I42FV5UV,J302 - (ADM) Gregory CHPP Monorail Inspection,[],WsFolder,,,,,,,,
IEAEINT7I46IL35G,J352 - (ADM) Engineering Analysis and Certification of Booster Stations,[],WsFolder,,,,,,,,
IEAEINT7I43J656G,J315 - 5Y Sfty Insp CVI Bldg Med Sub 6.6kV FI,['IEAEINT7I43J67CF'],WsFolder,,KUAJVUPW,"['KUAMBT5J', 'KUALNZH6']",IEAEINT7JMCLXA5J,2022-06-16T16:44:29Z,2022-09-30,2022-08-18T22:53:32Z,2022-07-21
IEAEINT7I43SL63L,J323 - Tank reinforcement,['IEAEINT7I43SL63Y'],WsFolder,,KUAJVUPW,['KUAJV4AW'],IEAEINT7JMCLXA5J,2022-07-04T22:28:14Z,2022-10-12,2022-10-02T20:16:32Z,
IEAEINT7I42VT6GL,J308 - Mincka Gap Closing Inspections,['IEAEINT7I42VT6RH'],WsFolder,,KUAQKCJM,"['KUADNVMK', 'KUAJV4AW', 'KUANU3JP']",IEAEINT7JMCLXA5J,2022-05-09T23:11:28Z,,2022-08-11T22:16:26Z,
IEAEINT7I43RY22E,J320 - Stress Measurement of Car Dumper Cell,['IEAEINT7I43RY7J6'],WsFolder,,KUAJVUPW,['KUAJVURM'],IEAEINT7JMCLXBBD,2022-07-01T23:03:13Z,2022-08-17,2022-11-29T02:23:37Z,
IEAEINT7I43RY7HL,J321 - Tank 1 inspection,['IEAEINT7I43RY7IO'],WsFolder,,KUAJVUPW,"['KUAMBT5J', 'KUALNZH6']",IEAEINT7JMCLXA5J,2022-07-01T23:40:28Z,2022-09-30,2022-10-06T15:32:01Z,2022-07-17
IEAEINT7I46KKIS7,J354 - Selma Jetty Structural Inspection,['IEAEINT7I46KKITA'],WsFolder,,KUAQKCJM,"['KUADNVMK', 'KUAJ4LPJ']",IEAEINT7JMCLXA5J,2022-12-06T04:01:35Z,2023-03-30,2023-03-13T14:48:34Z,2022-12-15
IEAEINT7I46KKITA,J354 - (ADM) Selma Jetty Structural Inspection,[],WsFolder,,,,,,,,
IEAEINT7I472VYAA,J369 - Strategic Dust Program (EOI-01454),[],RbFolder,,KUAQKCJM,[],IEAEINT7JMCLXA7O,2023-03-02T00:00:14Z,2023-01-31,,2023-01-09
IEAEINT7I42D7BC6,J300 - BHP 5Y Sfty Insp CVI Bldg Small BLD096 *SA*,['IEAEINT7I42D7D7R'],WsFolder,,KUAQKCJM,['KUAJVUPW'],IEAEINT7JMCLXBAC,2022-04-08T00:49:35Z,,,
IEAEINT7I475XJTX,J371 - (ADM) Trinity Platform certification,[],WsFolder,,,,,,,,
IEAEINT7I46ENG6Y,J349 - Quantem Larges Bleaching Unit Vacuum Tank,[],WsFolder,,KUAQKCJM,['KUAQKCJM'],IEAEINT7JMCLXBBD,2022-11-23T23:41:33Z,,2022-11-29T02:21:07Z,
IEAEINT7I47U5KBB,J363 - MOOKA B13 Station Hot Works Enclosure Design & Build,['IEAEINT7I47U5KBD'],WsFolder,,KUAQKCJM,['KUAJV4AW'],IEAEINT7JMCLXBBD,2023-02-20T23:37:29Z,,2023-02-27T00:10:58Z,
IEAEINT7I46KKDVB,J353 - (ADM) YLY Structural Integrity Audit,[],WsFolder,,,,,,,,
IEAEINT7I46MMDMM,J356 - Trolley Maximum Load Calculation,['IEAEINT7I46MMDMP'],WsFolder,,KUAQKCJM,['KUAJVURM'],IEAEINT7JMCLXA5J,2022-12-08T22:35:00Z,2023-02-14,2023-02-09T23:11:06Z,
IEAEINT7I4Z62CJA,J297 - Water Tower Structural Report,['IEAEINT7I4Z7N2H2'],WsFolder,,KUAJVUPW,['KUADNVMK'],IEAEINT7JMCLXA5J,2022-03-30T17:06:53Z,,2022-06-15T01:10:02Z,
IEAEINT7I46ZVBUY,J358 - Hammon Park Jump Park Whale Tale,['IEAEINT7I46ZVBUZ'],WsFolder,,KUAQKCJM,['KUAJVURM'],IEAEINT7JMCLXA5J,2023-01-10T01:02:39Z,2023-04-03,2023-03-27T21:48:06Z,
IEAEINT7I42VT522,Mincka Gap Closing Inspections,[],RbFolder,,,,,,,,
IEAEINT7I42D7BDX,J300 - BHP 5Y Sfty Insp CVI Bldg Small BLD097 *SA*,['IEAEINT7I42D7EDZ'],WsFolder,,KUAQKCJM,['KUAJVUPW'],IEAEINT7JMCLXBAC,2022-04-08T00:49:54Z,,,
IEAEINT7I47WN5ZR,J366 - Hanson Concrete Batch Tender,['IEAEINT7I47WN5ZS'],WsFolder,,KUAQKCJM,"['KUAJ57N7', 'KUADNVMK']",IEAEINT7JMCLXBBD,2023-02-23T00:19:42Z,,2023-02-27T00:11:13Z,
IEAEINT7I42VT6RH,J308 - (ADM) Mincka Gap Closing Inspection,[],WsFolder,,,,,,,,
IEAEINT7I46LVDTQ,J355 - Kestrel Bore Hole Pump Application,['IEAEINT7I46LVDTU'],WsFolder,,KUAQKCJM,['KUAJV4AW'],IEAEINT7JMCLXBBD,2022-12-07T22:25:54Z,2022-12-01,2023-03-28T22:27:56Z,
IEAEINT7I42D7CRL,J300 - BHP 5Y Sfty Insp CVI Bldg Small BLD098 *SA*,['IEAEINT7I42D7EGC'],WsFolder,,KUAQKCJM,['KUAJVUPW'],IEAEINT7JMCLXBAC,2022-04-08T00:50:33Z,,,
IEAEINT7I42D7A3N,J300 - BHP 5Y Sfty Insp CVI Bldg Small BLD093 *SA*,['IEAEINT7I42D7DZC'],WsFolder,,KUAQKCJM,['KUAJVUPW'],IEAEINT7JMCLXBAC,2022-04-08T00:48:11Z,,,
IEAEINT7I47U5KBD,J363 - (ADM) MOOKA B13 Station Hot Works Enclosure Design & Build,[],WsFolder,,,,,,,,
IEAEINT7I47VXBS7,J364 - Morn Lift - Lifting Lug Certification Quote,['IEAEINT7I47VXBTB'],WsFolder,,KUAQKCJM,"['KUAJ4LPJ', 'KUAJVURM']",IEAEINT7JMCLXA5J,2023-02-22T00:32:58Z,2023-05-03,2023-04-25T21:07:50Z,
IEAEINT7I47VXBTB,J364 - (ADM) Morn Lift - Lifting Lug Certification Quote,[],WsFolder,,,,,,,,
IEAEINT7I42D7A4X,J300 - BHP 5Y Sfty Insp CVI Bldg Small BLD094 *SA*,['IEAEINT7I42D7D63'],WsFolder,,KUAQKCJM,['KUAJVUPW'],IEAEINT7JMCLXBAC,2022-04-08T00:48:28Z,,,
IEAEINT7I42D7A5L,J300 - BHP 5Y Sfty Insp CVI Bldg Small BLD095 *SA*,['IEAEINT7I42D7D6D'],WsFolder,,KUAQKCJM,['KUAJVUPW'],IEAEINT7JMCLXBAC,2022-04-08T00:48:46Z,,,
IEAEINT7I46ENC4K,J348 - Cargo Lift Certification,['IEAEINT7I46KKLTW'],WsFolder,,KUAQKCJM,['KUAJVURM'],IEAEINT7JMCLXA5J,2022-11-23T23:20:24Z,,2023-02-09T23:11:39Z,
IEAEINT7I46G3VQQ,J351 - Hand Rail Mounting Bracket Certification,['IEAEINT7I46G3VQT'],WsFolder,,KUAQKCJM,['KUAJVURM'],IEAEINT7JMCLXA5J,2022-11-30T01:26:32Z,2022-11-22,2023-01-30T16:59:17Z,2022-11-11
IEAEINT7I42D7DZC,Administrative,[],WsFolder,,,,,,,,
IEAEINT7I462KA2S,J359 - (ADM) Racking Load Certification,[],WsFolder,,,,,,,,
IEAEINT7I45LDBYN,J343 - Automated Wharf Rail Survey System Feasibility Study,['IEAEINT7I45LDDXD'],WsFolder,,KUAQKCJM,"['KUADNVMK', 'KUAJVURM', 'KUAJV4AW']",IEAEINT7JMCLXA5J,2022-10-21T04:04:32Z,2022-12-20,2023-03-09T15:51:22Z,
IEAEINT7I45LDDXD,J343 - (ADM) Automated Wharf Rail Survey System Feasibility Study,[],WsFolder,,,,,,,,
IEAEINT7I43RYTVU,J317 - Development of structural integrity management framework,['IEAEINT7I43RYUWT'],WsFolder,,KUAJVUPW,"['KUAJV4AW', 'KUAQKCJM']",IEAEINT7JMCLXA5J,2022-07-01T22:21:09Z,2023-01-30,2023-03-29T14:30:54Z,2022-12-06
IEAEINT7I42D7D6D,Administrative,[],WsFolder,,,,,,,,
IEAEINT7I4ZLXIGC,J283 - Next generation Continuous Miner,['IEAEINT7I4ZLZQDP'],WsFolder,,KUAJVUPW,['KUAQKCJM'],IEAEINT7JMCLXBBD,2022-02-24T19:02:20Z,2022-06-21,2023-02-14T03:54:01Z,
IEAEINT7I47XHMXR,J367 - Lift Cage Review,['IEAEINT7I47XHMXT'],WsFolder,,KUAQKCJM,"['KUAJVURM', 'KUAJ4LPJ']",IEAEINT7JMCLXA5J,2023-02-24T03:34:08Z,2023-03-08,2023-03-28T22:59:55Z,
IEAEINT7I4ZNMJD2,J286 - Conveyors and Transfer Structures Proposal,['IEAEINT7I4ZNMODL'],WsFolder,,KUAJVUPW,"['KUADNVMK', 'KUAQKCJM']",IEAEINT7JMCLXBBD,2022-02-28T19:58:17Z,2022-02-28,2022-10-10T03:52:25Z,
IEAEINT7I46CR2LJ,J347 - (ADM) Spark Tender - Ventilation Ducting Support Brackets,[],WsFolder,,,,,,,,
IEAEINT7I462KA2R,J359 - Racking Load Rate Certification,['IEAEINT7I462KA2S'],WsFolder,,KUAQKCJM,['KUADNVMK'],IEAEINT7JMCLXA5J,2023-01-10T21:56:35Z,,2023-03-09T15:52:22Z,
IEAEINT7I4ZLXFSR,J279 - Airborne Dust Monitoring,['IEAEINT7I4ZLZPTL'],WsFolder,,KUAJVUPW,"['KUADNVMK', 'KUAJVUPW', 'KUAQKCJM']",IEAEINT7JMCLXA5J,2022-02-24T18:57:49Z,2022-05-27,2022-06-17T05:21:20Z,2022-05-09
IEAEINT7I42FV42L,J302 - Gregory CHPP Monorail Inspection,['IEAEINT7I42FV5UV'],WsFolder,,KUAQKCJM,['KUADNVMK'],IEAEINT7JMCLXA5J,2022-04-12T04:15:59Z,2022-09-14,2022-10-02T20:19:18Z,2022-06-20
IEAEINT7I44A43BB,J328 - AIE Training Package Design,[],WsFolder,,KUAQKCJM,['KUADNVMK'],IEAEINT7JMCLXBBD,2022-08-01T22:51:25Z,2022-09-16,2023-01-30T18:47:46Z,2022-08-22
IEAEINT7I4Y4UWB6,J271 - (ADM) ACARP Quantitative Based Condition Coating Evaluation,[],WsFolder,,,,,,,,
IEAEINT7I4YV26FQ,J271 - ACARP Quantitative Based Condition Coating Evaluation,['IEAEINT7I4Y4UWB6'],WsFolder,,KUADNVMK,['KUADNVMK'],IEAEINT7JMCLXA5J,2022-01-18T03:45:20Z,2023-04-28,2023-06-14T22:37:34Z,2022-10-17
IEAEINT7I5BBF4OX,J381 - Glass Balustrade AAF Engineering,['IEAEINT7I5BBF44J'],WsFolder,,KUAJVUPW,"['KUAJV4AW', 'KUAJ4LPJ']",IEAEINT7JMCQA4ZS,2023-05-04T15:57:32Z,2023-05-24,,2023-05-18
